File,SAI object,SAI API
experimental/saiexperimentalbmtor.h,SAI_OBJECT_TYPE_TABLE_BITMAP_CLASSIFICATION_ENTRY,sai_clear_table_bitmap_classification_entry_stats_fn
experimental/saiexperimentalbmtor.h,SAI_OBJECT_TYPE_TABLE_BITMAP_CLASSIFICATION_ENTRY,sai_create_table_bitmap_classification_entry_fn
experimental/saiexperimentalbmtor.h,SAI_OBJECT_TYPE_TABLE_BITMAP_CLASSIFICATION_ENTRY,sai_get_table_bitmap_classification_entry_attribute_fn
experimental/saiexperimentalbmtor.h,SAI_OBJECT_TYPE_TABLE_BITMAP_CLASSIFICATION_ENTRY,sai_get_table_bitmap_classification_entry_stats_ext_fn
experimental/saiexperimentalbmtor.h,SAI_OBJECT_TYPE_TABLE_BITMAP_CLASSIFICATION_ENTRY,sai_get_table_bitmap_classification_entry_stats_fn
experimental/saiexperimentalbmtor.h,SAI_OBJECT_TYPE_TABLE_BITMAP_CLASSIFICATION_ENTRY,sai_remove_table_bitmap_classification_entry_fn
experimental/saiexperimentalbmtor.h,SAI_OBJECT_TYPE_TABLE_BITMAP_CLASSIFICATION_ENTRY,sai_set_table_bitmap_classification_entry_attribute_fn
experimental/saiexperimentalbmtor.h,SAI_OBJECT_TYPE_TABLE_BITMAP_ROUTER_ENTRY,sai_clear_table_bitmap_router_entry_stats_fn
experimental/saiexperimentalbmtor.h,SAI_OBJECT_TYPE_TABLE_BITMAP_ROUTER_ENTRY,sai_create_table_bitmap_router_entry_fn
experimental/saiexperimentalbmtor.h,SAI_OBJECT_TYPE_TABLE_BITMAP_ROUTER_ENTRY,sai_get_table_bitmap_router_entry_attribute_fn
experimental/saiexperimentalbmtor.h,SAI_OBJECT_TYPE_TABLE_BITMAP_ROUTER_ENTRY,sai_get_table_bitmap_router_entry_stats_ext_fn
experimental/saiexperimentalbmtor.h,SAI_OBJECT_TYPE_TABLE_BITMAP_ROUTER_ENTRY,sai_get_table_bitmap_router_entry_stats_fn
experimental/saiexperimentalbmtor.h,SAI_OBJECT_TYPE_TABLE_BITMAP_ROUTER_ENTRY,sai_remove_table_bitmap_router_entry_fn
experimental/saiexperimentalbmtor.h,SAI_OBJECT_TYPE_TABLE_BITMAP_ROUTER_ENTRY,sai_set_table_bitmap_router_entry_attribute_fn
experimental/saiexperimentalbmtor.h,SAI_OBJECT_TYPE_TABLE_META_TUNNEL_ENTRY,sai_clear_table_meta_tunnel_entry_stats_fn
experimental/saiexperimentalbmtor.h,SAI_OBJECT_TYPE_TABLE_META_TUNNEL_ENTRY,sai_create_table_meta_tunnel_entry_fn
experimental/saiexperimentalbmtor.h,SAI_OBJECT_TYPE_TABLE_META_TUNNEL_ENTRY,sai_get_table_meta_tunnel_entry_attribute_fn
experimental/saiexperimentalbmtor.h,SAI_OBJECT_TYPE_TABLE_META_TUNNEL_ENTRY,sai_get_table_meta_tunnel_entry_stats_ext_fn
experimental/saiexperimentalbmtor.h,SAI_OBJECT_TYPE_TABLE_META_TUNNEL_ENTRY,sai_get_table_meta_tunnel_entry_stats_fn
experimental/saiexperimentalbmtor.h,SAI_OBJECT_TYPE_TABLE_META_TUNNEL_ENTRY,sai_remove_table_meta_tunnel_entry_fn
experimental/saiexperimentalbmtor.h,SAI_OBJECT_TYPE_TABLE_META_TUNNEL_ENTRY,sai_set_table_meta_tunnel_entry_attribute_fn
experimental/saiexperimentaldashacl.h,SAI_OBJECT_TYPE_DASH_ACL_GROUP,sai_create_dash_acl_group_fn
experimental/saiexperimentaldashacl.h,SAI_OBJECT_TYPE_DASH_ACL_GROUP,sai_get_dash_acl_group_attribute_fn
experimental/saiexperimentaldashacl.h,SAI_OBJECT_TYPE_DASH_ACL_GROUP,sai_remove_dash_acl_group_fn
experimental/saiexperimentaldashacl.h,SAI_OBJECT_TYPE_DASH_ACL_GROUP,sai_set_dash_acl_group_attribute_fn
experimental/saiexperimentaldashacl.h,SAI_OBJECT_TYPE_DASH_ACL_RULE,sai_create_dash_acl_rule_fn
experimental/saiexperimentaldashacl.h,SAI_OBJECT_TYPE_DASH_ACL_RULE,sai_get_dash_acl_rule_attribute_fn
experimental/saiexperimentaldashacl.h,SAI_OBJECT_TYPE_DASH_ACL_RULE,sai_remove_dash_acl_rule_fn
experimental/saiexperimentaldashacl.h,SAI_OBJECT_TYPE_DASH_ACL_RULE,sai_set_dash_acl_rule_attribute_fn
experimental/saiexperimentaldashappliance.h,SAI_OBJECT_TYPE_DASH_APPLIANCE,sai_create_dash_appliance_fn
experimental/saiexperimentaldashappliance.h,SAI_OBJECT_TYPE_DASH_APPLIANCE,sai_get_dash_appliance_attribute_fn
experimental/saiexperimentaldashappliance.h,SAI_OBJECT_TYPE_DASH_APPLIANCE,sai_remove_dash_appliance_fn
experimental/saiexperimentaldashappliance.h,SAI_OBJECT_TYPE_DASH_APPLIANCE,sai_set_dash_appliance_attribute_fn
experimental/saiexperimentaldashdirectionlookup.h,SAI_OBJECT_TYPE_DIRECTION_LOOKUP_ENTRY,sai_bulk_create_direction_lookup_entry_fn
experimental/saiexperimentaldashdirectionlookup.h,SAI_OBJECT_TYPE_DIRECTION_LOOKUP_ENTRY,sai_bulk_remove_direction_lookup_entry_fn
experimental/saiexperimentaldashdirectionlookup.h,SAI_OBJECT_TYPE_DIRECTION_LOOKUP_ENTRY,sai_create_direction_lookup_entry_fn
experimental/saiexperimentaldashdirectionlookup.h,SAI_OBJECT_TYPE_DIRECTION_LOOKUP_ENTRY,sai_get_direction_lookup_entry_attribute_fn
experimental/saiexperimentaldashdirectionlookup.h,SAI_OBJECT_TYPE_DIRECTION_LOOKUP_ENTRY,sai_remove_direction_lookup_entry_fn
experimental/saiexperimentaldashdirectionlookup.h,SAI_OBJECT_TYPE_DIRECTION_LOOKUP_ENTRY,sai_set_direction_lookup_entry_attribute_fn
experimental/saiexperimentaldasheni.h,SAI_OBJECT_TYPE_ENI,sai_clear_eni_stats_fn
experimental/saiexperimentaldasheni.h,SAI_OBJECT_TYPE_ENI,sai_create_eni_fn
experimental/saiexperimentaldasheni.h,SAI_OBJECT_TYPE_ENI,sai_get_eni_attribute_fn
experimental/saiexperimentaldasheni.h,SAI_OBJECT_TYPE_ENI,sai_get_eni_stats_ext_fn
experimental/saiexperimentaldasheni.h,SAI_OBJECT_TYPE_ENI,sai_get_eni_stats_fn
experimental/saiexperimentaldasheni.h,SAI_OBJECT_TYPE_ENI,sai_remove_eni_fn
experimental/saiexperimentaldasheni.h,SAI_OBJECT_TYPE_ENI,sai_set_eni_attribute_fn
experimental/saiexperimentaldasheni.h,SAI_OBJECT_TYPE_ENI_ETHER_ADDRESS_MAP_ENTRY,sai_bulk_create_eni_ether_address_map_entry_fn
experimental/saiexperimentaldasheni.h,SAI_OBJECT_TYPE_ENI_ETHER_ADDRESS_MAP_ENTRY,sai_bulk_remove_eni_ether_address_map_entry_fn
experimental/saiexperimentaldasheni.h,SAI_OBJECT_TYPE_ENI_ETHER_ADDRESS_MAP_ENTRY,sai_create_eni_ether_address_map_entry_fn
experimental/saiexperimentaldasheni.h,SAI_OBJECT_TYPE_ENI_ETHER_ADDRESS_MAP_ENTRY,sai_get_eni_ether_address_map_entry_attribute_fn
experimental/saiexperimentaldasheni.h,SAI_OBJECT_TYPE_ENI_ETHER_ADDRESS_MAP_ENTRY,sai_remove_eni_ether_address_map_entry_fn
experimental/saiexperimentaldasheni.h,SAI_OBJECT_TYPE_ENI_ETHER_ADDRESS_MAP_ENTRY,sai_set_eni_ether_address_map_entry_attribute_fn
experimental/saiexperimentaldashflow.h,SAI_OBJECT_TYPE_FLOW_ENTRY,sai_bulk_create_flow_entry_fn
experimental/saiexperimentaldashflow.h,SAI_OBJECT_TYPE_FLOW_ENTRY,sai_bulk_remove_flow_entry_fn
experimental/saiexperimentaldashflow.h,SAI_OBJECT_TYPE_FLOW_ENTRY,sai_create_flow_entry_fn
experimental/saiexperimentaldashflow.h,SAI_OBJECT_TYPE_FLOW_ENTRY,sai_get_flow_entry_attribute_fn
experimental/saiexperimentaldashflow.h,SAI_OBJECT_TYPE_FLOW_ENTRY,sai_remove_flow_entry_fn
experimental/saiexperimentaldashflow.h,SAI_OBJECT_TYPE_FLOW_ENTRY,sai_set_flow_entry_attribute_fn
experimental/saiexperimentaldashflow.h,SAI_OBJECT_TYPE_FLOW_ENTRY_BULK_GET_SESSION,sai_create_flow_entry_bulk_get_session_fn
experimental/saiexperimentaldashflow.h,SAI_OBJECT_TYPE_FLOW_ENTRY_BULK_GET_SESSION,sai_get_flow_entry_bulk_get_session_attribute_fn
experimental/saiexperimentaldashflow.h,SAI_OBJECT_TYPE_FLOW_ENTRY_BULK_GET_SESSION,sai_remove_flow_entry_bulk_get_session_fn
experimental/saiexperimentaldashflow.h,SAI_OBJECT_TYPE_FLOW_ENTRY_BULK_GET_SESSION,sai_set_flow_entry_bulk_get_session_attribute_fn
experimental/saiexperimentaldashflow.h,SAI_OBJECT_TYPE_FLOW_ENTRY_BULK_GET_SESSION_FILTER,sai_create_flow_entry_bulk_get_session_filter_fn
experimental/saiexperimentaldashflow.h,SAI_OBJECT_TYPE_FLOW_ENTRY_BULK_GET_SESSION_FILTER,sai_get_flow_entry_bulk_get_session_filter_attribute_fn
experimental/saiexperimentaldashflow.h,SAI_OBJECT_TYPE_FLOW_ENTRY_BULK_GET_SESSION_FILTER,sai_remove_flow_entry_bulk_get_session_filter_fn
experimental/saiexperimentaldashflow.h,SAI_OBJECT_TYPE_FLOW_ENTRY_BULK_GET_SESSION_FILTER,sai_set_flow_entry_bulk_get_session_filter_attribute_fn
experimental/saiexperimentaldashflow.h,SAI_OBJECT_TYPE_FLOW_TABLE,sai_create_flow_table_fn
experimental/saiexperimentaldashflow.h,SAI_OBJECT_TYPE_FLOW_TABLE,sai_get_flow_table_attribute_fn
experimental/saiexperimentaldashflow.h,SAI_OBJECT_TYPE_FLOW_TABLE,sai_remove_flow_table_fn
experimental/saiexperimentaldashflow.h,SAI_OBJECT_TYPE_FLOW_TABLE,sai_set_flow_table_attribute_fn
experimental/saiexperimentaldashha.h,SAI_OBJECT_TYPE_HA_SCOPE,sai_create_ha_scope_fn
experimental/saiexperimentaldashha.h,SAI_OBJECT_TYPE_HA_SCOPE,sai_get_ha_scope_attribute_fn
experimental/saiexperimentaldashha.h,SAI_OBJECT_TYPE_HA_SCOPE,sai_remove_ha_scope_fn
experimental/saiexperimentaldashha.h,SAI_OBJECT_TYPE_HA_SCOPE,sai_set_ha_scope_attribute_fn
experimental/saiexperimentaldashha.h,SAI_OBJECT_TYPE_HA_SET,sai_clear_ha_set_stats_fn
experimental/saiexperimentaldashha.h,SAI_OBJECT_TYPE_HA_SET,sai_create_ha_set_fn
experimental/saiexperimentaldashha.h,SAI_OBJECT_TYPE_HA_SET,sai_get_ha_set_attribute_fn
experimental/saiexperimentaldashha.h,SAI_OBJECT_TYPE_HA_SET,sai_get_ha_set_stats_ext_fn
experimental/saiexperimentaldashha.h,SAI_OBJECT_TYPE_HA_SET,sai_get_ha_set_stats_fn
experimental/saiexperimentaldashha.h,SAI_OBJECT_TYPE_HA_SET,sai_remove_ha_set_fn
experimental/saiexperimentaldashha.h,SAI_OBJECT_TYPE_HA_SET,sai_set_ha_set_attribute_fn
experimental/saiexperimentaldashinboundrouting.h,SAI_OBJECT_TYPE_INBOUND_ROUTING_ENTRY,sai_bulk_create_inbound_routing_entry_fn
experimental/saiexperimentaldashinboundrouting.h,SAI_OBJECT_TYPE_INBOUND_ROUTING_ENTRY,sai_bulk_remove_inbound_routing_entry_fn
experimental/saiexperimentaldashinboundrouting.h,SAI_OBJECT_TYPE_INBOUND_ROUTING_ENTRY,sai_create_inbound_routing_entry_fn
experimental/saiexperimentaldashinboundrouting.h,SAI_OBJECT_TYPE_INBOUND_ROUTING_ENTRY,sai_get_inbound_routing_entry_attribute_fn
experimental/saiexperimentaldashinboundrouting.h,SAI_OBJECT_TYPE_INBOUND_ROUTING_ENTRY,sai_remove_inbound_routing_entry_fn
experimental/saiexperimentaldashinboundrouting.h,SAI_OBJECT_TYPE_INBOUND_ROUTING_ENTRY,sai_set_inbound_routing_entry_attribute_fn
experimental/saiexperimentaldashmeter.h,SAI_OBJECT_TYPE_METER_BUCKET_ENTRY,sai_bulk_create_meter_bucket_entry_fn
experimental/saiexperimentaldashmeter.h,SAI_OBJECT_TYPE_METER_BUCKET_ENTRY,sai_bulk_remove_meter_bucket_entry_fn
experimental/saiexperimentaldashmeter.h,SAI_OBJECT_TYPE_METER_BUCKET_ENTRY,sai_clear_meter_bucket_entry_stats_fn
experimental/saiexperimentaldashmeter.h,SAI_OBJECT_TYPE_METER_BUCKET_ENTRY,sai_create_meter_bucket_entry_fn
experimental/saiexperimentaldashmeter.h,SAI_OBJECT_TYPE_METER_BUCKET_ENTRY,sai_get_meter_bucket_entry_attribute_fn
experimental/saiexperimentaldashmeter.h,SAI_OBJECT_TYPE_METER_BUCKET_ENTRY,sai_get_meter_bucket_entry_stats_ext_fn
experimental/saiexperimentaldashmeter.h,SAI_OBJECT_TYPE_METER_BUCKET_ENTRY,sai_get_meter_bucket_entry_stats_fn
experimental/saiexperimentaldashmeter.h,SAI_OBJECT_TYPE_METER_BUCKET_ENTRY,sai_remove_meter_bucket_entry_fn
experimental/saiexperimentaldashmeter.h,SAI_OBJECT_TYPE_METER_BUCKET_ENTRY,sai_set_meter_bucket_entry_attribute_fn
experimental/saiexperimentaldashmeter.h,SAI_OBJECT_TYPE_METER_POLICY,sai_create_meter_policy_fn
experimental/saiexperimentaldashmeter.h,SAI_OBJECT_TYPE_METER_POLICY,sai_get_meter_policy_attribute_fn
experimental/saiexperimentaldashmeter.h,SAI_OBJECT_TYPE_METER_POLICY,sai_remove_meter_policy_fn
experimental/saiexperimentaldashmeter.h,SAI_OBJECT_TYPE_METER_POLICY,sai_set_meter_policy_attribute_fn
experimental/saiexperimentaldashmeter.h,SAI_OBJECT_TYPE_METER_RULE,sai_create_meter_rule_fn
experimental/saiexperimentaldashmeter.h,SAI_OBJECT_TYPE_METER_RULE,sai_get_meter_rule_attribute_fn
experimental/saiexperimentaldashmeter.h,SAI_OBJECT_TYPE_METER_RULE,sai_remove_meter_rule_fn
experimental/saiexperimentaldashmeter.h,SAI_OBJECT_TYPE_METER_RULE,sai_set_meter_rule_attribute_fn
experimental/saiexperimentaldashoutboundcatopa.h,SAI_OBJECT_TYPE_OUTBOUND_CA_TO_PA_ENTRY,sai_bulk_create_outbound_ca_to_pa_entry_fn
experimental/saiexperimentaldashoutboundcatopa.h,SAI_OBJECT_TYPE_OUTBOUND_CA_TO_PA_ENTRY,sai_bulk_remove_outbound_ca_to_pa_entry_fn
experimental/saiexperimentaldashoutboundcatopa.h,SAI_OBJECT_TYPE_OUTBOUND_CA_TO_PA_ENTRY,sai_create_outbound_ca_to_pa_entry_fn
experimental/saiexperimentaldashoutboundcatopa.h,SAI_OBJECT_TYPE_OUTBOUND_CA_TO_PA_ENTRY,sai_get_outbound_ca_to_pa_entry_attribute_fn
experimental/saiexperimentaldashoutboundcatopa.h,SAI_OBJECT_TYPE_OUTBOUND_CA_TO_PA_ENTRY,sai_remove_outbound_ca_to_pa_entry_fn
experimental/saiexperimentaldashoutboundcatopa.h,SAI_OBJECT_TYPE_OUTBOUND_CA_TO_PA_ENTRY,sai_set_outbound_ca_to_pa_entry_attribute_fn
experimental/saiexperimentaldashoutboundportmap.h,SAI_OBJECT_TYPE_OUTBOUND_PORT_MAP,sai_create_outbound_port_map_fn
experimental/saiexperimentaldashoutboundportmap.h,SAI_OBJECT_TYPE_OUTBOUND_PORT_MAP,sai_get_outbound_port_map_attribute_fn
experimental/saiexperimentaldashoutboundportmap.h,SAI_OBJECT_TYPE_OUTBOUND_PORT_MAP,sai_remove_outbound_port_map_fn
experimental/saiexperimentaldashoutboundportmap.h,SAI_OBJECT_TYPE_OUTBOUND_PORT_MAP,sai_set_outbound_port_map_attribute_fn
experimental/saiexperimentaldashoutboundportmap.h,SAI_OBJECT_TYPE_OUTBOUND_PORT_MAP_PORT_RANGE_ENTRY,sai_bulk_create_outbound_port_map_port_range_entry_fn
experimental/saiexperimentaldashoutboundportmap.h,SAI_OBJECT_TYPE_OUTBOUND_PORT_MAP_PORT_RANGE_ENTRY,sai_bulk_remove_outbound_port_map_port_range_entry_fn
experimental/saiexperimentaldashoutboundportmap.h,SAI_OBJECT_TYPE_OUTBOUND_PORT_MAP_PORT_RANGE_ENTRY,sai_create_outbound_port_map_port_range_entry_fn
experimental/saiexperimentaldashoutboundportmap.h,SAI_OBJECT_TYPE_OUTBOUND_PORT_MAP_PORT_RANGE_ENTRY,sai_get_outbound_port_map_port_range_entry_attribute_fn
experimental/saiexperimentaldashoutboundportmap.h,SAI_OBJECT_TYPE_OUTBOUND_PORT_MAP_PORT_RANGE_ENTRY,sai_remove_outbound_port_map_port_range_entry_fn
experimental/saiexperimentaldashoutboundportmap.h,SAI_OBJECT_TYPE_OUTBOUND_PORT_MAP_PORT_RANGE_ENTRY,sai_set_outbound_port_map_port_range_entry_attribute_fn
experimental/saiexperimentaldashoutboundrouting.h,SAI_OBJECT_TYPE_OUTBOUND_ROUTING_ENTRY,sai_bulk_create_outbound_routing_entry_fn
experimental/saiexperimentaldashoutboundrouting.h,SAI_OBJECT_TYPE_OUTBOUND_ROUTING_ENTRY,sai_bulk_remove_outbound_routing_entry_fn
experimental/saiexperimentaldashoutboundrouting.h,SAI_OBJECT_TYPE_OUTBOUND_ROUTING_ENTRY,sai_create_outbound_routing_entry_fn
experimental/saiexperimentaldashoutboundrouting.h,SAI_OBJECT_TYPE_OUTBOUND_ROUTING_ENTRY,sai_get_outbound_routing_entry_attribute_fn
experimental/saiexperimentaldashoutboundrouting.h,SAI_OBJECT_TYPE_OUTBOUND_ROUTING_ENTRY,sai_remove_outbound_routing_entry_fn
experimental/saiexperimentaldashoutboundrouting.h,SAI_OBJECT_TYPE_OUTBOUND_ROUTING_ENTRY,sai_set_outbound_routing_entry_attribute_fn
experimental/saiexperimentaldashoutboundrouting.h,SAI_OBJECT_TYPE_OUTBOUND_ROUTING_GROUP,sai_create_outbound_routing_group_fn
experimental/saiexperimentaldashoutboundrouting.h,SAI_OBJECT_TYPE_OUTBOUND_ROUTING_GROUP,sai_get_outbound_routing_group_attribute_fn
experimental/saiexperimentaldashoutboundrouting.h,SAI_OBJECT_TYPE_OUTBOUND_ROUTING_GROUP,sai_remove_outbound_routing_group_fn
experimental/saiexperimentaldashoutboundrouting.h,SAI_OBJECT_TYPE_OUTBOUND_ROUTING_GROUP,sai_set_outbound_routing_group_attribute_fn
experimental/saiexperimentaldashpavalidation.h,SAI_OBJECT_TYPE_PA_VALIDATION_ENTRY,sai_bulk_create_pa_validation_entry_fn
experimental/saiexperimentaldashpavalidation.h,SAI_OBJECT_TYPE_PA_VALIDATION_ENTRY,sai_bulk_remove_pa_validation_entry_fn
experimental/saiexperimentaldashpavalidation.h,SAI_OBJECT_TYPE_PA_VALIDATION_ENTRY,sai_create_pa_validation_entry_fn
experimental/saiexperimentaldashpavalidation.h,SAI_OBJECT_TYPE_PA_VALIDATION_ENTRY,sai_get_pa_validation_entry_attribute_fn
experimental/saiexperimentaldashpavalidation.h,SAI_OBJECT_TYPE_PA_VALIDATION_ENTRY,sai_remove_pa_validation_entry_fn
experimental/saiexperimentaldashpavalidation.h,SAI_OBJECT_TYPE_PA_VALIDATION_ENTRY,sai_set_pa_validation_entry_attribute_fn
experimental/saiexperimentaldashtrustedvni.h,SAI_OBJECT_TYPE_ENI_TRUSTED_VNI_ENTRY,sai_bulk_create_eni_trusted_vni_entry_fn
experimental/saiexperimentaldashtrustedvni.h,SAI_OBJECT_TYPE_ENI_TRUSTED_VNI_ENTRY,sai_bulk_remove_eni_trusted_vni_entry_fn
experimental/saiexperimentaldashtrustedvni.h,SAI_OBJECT_TYPE_ENI_TRUSTED_VNI_ENTRY,sai_create_eni_trusted_vni_entry_fn
experimental/saiexperimentaldashtrustedvni.h,SAI_OBJECT_TYPE_ENI_TRUSTED_VNI_ENTRY,sai_get_eni_trusted_vni_entry_attribute_fn
experimental/saiexperimentaldashtrustedvni.h,SAI_OBJECT_TYPE_ENI_TRUSTED_VNI_ENTRY,sai_remove_eni_trusted_vni_entry_fn
experimental/saiexperimentaldashtrustedvni.h,SAI_OBJECT_TYPE_ENI_TRUSTED_VNI_ENTRY,sai_set_eni_trusted_vni_entry_attribute_fn
experimental/saiexperimentaldashtrustedvni.h,SAI_OBJECT_TYPE_GLOBAL_TRUSTED_VNI_ENTRY,sai_bulk_create_global_trusted_vni_entry_fn
experimental/saiexperimentaldashtrustedvni.h,SAI_OBJECT_TYPE_GLOBAL_TRUSTED_VNI_ENTRY,sai_bulk_remove_global_trusted_vni_entry_fn
experimental/saiexperimentaldashtrustedvni.h,SAI_OBJECT_TYPE_GLOBAL_TRUSTED_VNI_ENTRY,sai_create_global_trusted_vni_entry_fn
experimental/saiexperimentaldashtrustedvni.h,SAI_OBJECT_TYPE_GLOBAL_TRUSTED_VNI_ENTRY,sai_get_global_trusted_vni_entry_attribute_fn
experimental/saiexperimentaldashtrustedvni.h,SAI_OBJECT_TYPE_GLOBAL_TRUSTED_VNI_ENTRY,sai_remove_global_trusted_vni_entry_fn
experimental/saiexperimentaldashtrustedvni.h,SAI_OBJECT_TYPE_GLOBAL_TRUSTED_VNI_ENTRY,sai_set_global_trusted_vni_entry_attribute_fn
experimental/saiexperimentaldashtunnel.h,SAI_OBJECT_TYPE_DASH_TUNNEL,sai_create_dash_tunnel_fn
experimental/saiexperimentaldashtunnel.h,SAI_OBJECT_TYPE_DASH_TUNNEL,sai_get_dash_tunnel_attribute_fn
experimental/saiexperimentaldashtunnel.h,SAI_OBJECT_TYPE_DASH_TUNNEL,sai_remove_dash_tunnel_fn
experimental/saiexperimentaldashtunnel.h,SAI_OBJECT_TYPE_DASH_TUNNEL,sai_set_dash_tunnel_attribute_fn
experimental/saiexperimentaldashtunnel.h,SAI_OBJECT_TYPE_DASH_TUNNEL_MEMBER,sai_create_dash_tunnel_member_fn
experimental/saiexperimentaldashtunnel.h,SAI_OBJECT_TYPE_DASH_TUNNEL_MEMBER,sai_get_dash_tunnel_member_attribute_fn
experimental/saiexperimentaldashtunnel.h,SAI_OBJECT_TYPE_DASH_TUNNEL_MEMBER,sai_remove_dash_tunnel_member_fn
experimental/saiexperimentaldashtunnel.h,SAI_OBJECT_TYPE_DASH_TUNNEL_MEMBER,sai_set_dash_tunnel_member_attribute_fn
experimental/saiexperimentaldashtunnel.h,SAI_OBJECT_TYPE_DASH_TUNNEL_NEXT_HOP,sai_create_dash_tunnel_next_hop_fn
experimental/saiexperimentaldashtunnel.h,SAI_OBJECT_TYPE_DASH_TUNNEL_NEXT_HOP,sai_get_dash_tunnel_next_hop_attribute_fn
experimental/saiexperimentaldashtunnel.h,SAI_OBJECT_TYPE_DASH_TUNNEL_NEXT_HOP,sai_remove_dash_tunnel_next_hop_fn
experimental/saiexperimentaldashtunnel.h,SAI_OBJECT_TYPE_DASH_TUNNEL_NEXT_HOP,sai_set_dash_tunnel_next_hop_attribute_fn
experimental/saiexperimentaldashvip.h,SAI_OBJECT_TYPE_VIP_ENTRY,sai_bulk_create_vip_entry_fn
experimental/saiexperimentaldashvip.h,SAI_OBJECT_TYPE_VIP_ENTRY,sai_bulk_remove_vip_entry_fn
experimental/saiexperimentaldashvip.h,SAI_OBJECT_TYPE_VIP_ENTRY,sai_create_vip_entry_fn
experimental/saiexperimentaldashvip.h,SAI_OBJECT_TYPE_VIP_ENTRY,sai_get_vip_entry_attribute_fn
experimental/saiexperimentaldashvip.h,SAI_OBJECT_TYPE_VIP_ENTRY,sai_remove_vip_entry_fn
experimental/saiexperimentaldashvip.h,SAI_OBJECT_TYPE_VIP_ENTRY,sai_set_vip_entry_attribute_fn
experimental/saiexperimentaldashvnet.h,SAI_OBJECT_TYPE_VNET,sai_create_vnet_fn
experimental/saiexperimentaldashvnet.h,SAI_OBJECT_TYPE_VNET,sai_get_vnet_attribute_fn
experimental/saiexperimentaldashvnet.h,SAI_OBJECT_TYPE_VNET,sai_remove_vnet_fn
experimental/saiexperimentaldashvnet.h,SAI_OBJECT_TYPE_VNET,sai_set_vnet_attribute_fn
experimental/saiswitchextensions.h,SAI_OBJECT_TYPE_FLOW_ENTRY_BULK_GET_SESSION,sai_flow_bulk_get_session_event_notification_fn
experimental/saiswitchextensions.h,SAI_OBJECT_TYPE_HA_SCOPE,sai_ha_scope_event_notification_fn
experimental/saiswitchextensions.h,SAI_OBJECT_TYPE_HA_SET,sai_ha_set_event_notification_fn
inc/sai.h,SAI_OBJECT_TYPE_NULL,sai_profile_get_next_value_fn
inc/saiacl.h,SAI_OBJECT_TYPE_ACL_COUNTER,sai_create_acl_counter_fn
inc/saiacl.h,SAI_OBJECT_TYPE_ACL_COUNTER,sai_get_acl_counter_attribute_fn
inc/saiacl.h,SAI_OBJECT_TYPE_ACL_COUNTER,sai_remove_acl_counter_fn
inc/saiacl.h,SAI_OBJECT_TYPE_ACL_COUNTER,sai_set_acl_counter_attribute_fn
inc/saiacl.h,SAI_OBJECT_TYPE_ACL_ENTRY,sai_create_acl_entry_fn
inc/saiacl.h,SAI_OBJECT_TYPE_ACL_ENTRY,sai_get_acl_entry_attribute_fn
inc/saiacl.h,SAI_OBJECT_TYPE_ACL_ENTRY,sai_remove_acl_entry_fn
inc/saiacl.h,SAI_OBJECT_TYPE_ACL_ENTRY,sai_set_acl_entry_attribute_fn
inc/saiacl.h,SAI_OBJECT_TYPE_ACL_RANGE,sai_create_acl_range_fn
inc/saiacl.h,SAI_OBJECT_TYPE_ACL_RANGE,sai_get_acl_range_attribute_fn
inc/saiacl.h,SAI_OBJECT_TYPE_ACL_RANGE,sai_remove_acl_range_fn
inc/saiacl.h,SAI_OBJECT_TYPE_ACL_RANGE,sai_set_acl_range_attribute_fn
inc/saiacl.h,SAI_OBJECT_TYPE_ACL_TABLE,sai_create_acl_table_fn
inc/saiacl.h,SAI_OBJECT_TYPE_ACL_TABLE,sai_get_acl_table_attribute_fn
inc/saiacl.h,SAI_OBJECT_TYPE_ACL_TABLE,sai_remove_acl_table_fn
inc/saiacl.h,SAI_OBJECT_TYPE_ACL_TABLE,sai_set_acl_table_attribute_fn
inc/saiacl.h,SAI_OBJECT_TYPE_ACL_TABLE_CHAIN_GROUP,sai_create_acl_table_chain_group_fn
inc/saiacl.h,SAI_OBJECT_TYPE_ACL_TABLE_CHAIN_GROUP,sai_get_acl_table_chain_group_attribute_fn
inc/saiacl.h,SAI_OBJECT_TYPE_ACL_TABLE_CHAIN_GROUP,sai_remove_acl_table_chain_group_fn
inc/saiacl.h,SAI_OBJECT_TYPE_ACL_TABLE_CHAIN_GROUP,sai_set_acl_table_chain_group_attribute_fn
inc/saiacl.h,SAI_OBJECT_TYPE_ACL_TABLE_GROUP,sai_create_acl_table_group_fn
inc/saiacl.h,SAI_OBJECT_TYPE_ACL_TABLE_GROUP,sai_get_acl_table_group_attribute_fn
inc/saiacl.h,SAI_OBJECT_TYPE_ACL_TABLE_GROUP,sai_remove_acl_table_group_fn
inc/saiacl.h,SAI_OBJECT_TYPE_ACL_TABLE_GROUP,sai_set_acl_table_group_attribute_fn
inc/saiacl.h,SAI_OBJECT_TYPE_ACL_TABLE_GROUP_MEMBER,sai_create_acl_table_group_member_fn
inc/saiacl.h,SAI_OBJECT_TYPE_ACL_TABLE_GROUP_MEMBER,sai_get_acl_table_group_member_attribute_fn
inc/saiacl.h,SAI_OBJECT_TYPE_ACL_TABLE_GROUP_MEMBER,sai_remove_acl_table_group_member_fn
inc/saiacl.h,SAI_OBJECT_TYPE_ACL_TABLE_GROUP_MEMBER,sai_set_acl_table_group_member_attribute_fn
inc/saiars.h,SAI_OBJECT_TYPE_ARS,sai_create_ars_fn
inc/saiars.h,SAI_OBJECT_TYPE_ARS,sai_get_ars_attribute_fn
inc/saiars.h,SAI_OBJECT_TYPE_ARS,sai_remove_ars_fn
inc/saiars.h,SAI_OBJECT_TYPE_ARS,sai_set_ars_attribute_fn
inc/saiarsprofile.h,SAI_OBJECT_TYPE_ARS_PROFILE,sai_create_ars_profile_fn
inc/saiarsprofile.h,SAI_OBJECT_TYPE_ARS_PROFILE,sai_get_ars_profile_attribute_fn
inc/saiarsprofile.h,SAI_OBJECT_TYPE_ARS_PROFILE,sai_remove_ars_profile_fn
inc/saiarsprofile.h,SAI_OBJECT_TYPE_ARS_PROFILE,sai_set_ars_profile_attribute_fn
inc/saibfd.h,SAI_OBJECT_TYPE_BFD_SESSION,sai_bfd_session_state_change_notification_fn
inc/saibfd.h,SAI_OBJECT_TYPE_BFD_SESSION,sai_clear_bfd_session_stats_fn
inc/saibfd.h,SAI_OBJECT_TYPE_BFD_SESSION,sai_create_bfd_session_fn
inc/saibfd.h,SAI_OBJECT_TYPE_BFD_SESSION,sai_get_bfd_session_attribute_fn
inc/saibfd.h,SAI_OBJECT_TYPE_BFD_SESSION,sai_get_bfd_session_stats_ext_fn
inc/saibfd.h,SAI_OBJECT_TYPE_BFD_SESSION,sai_get_bfd_session_stats_fn
inc/saibfd.h,SAI_OBJECT_TYPE_BFD_SESSION,sai_remove_bfd_session_fn
inc/saibfd.h,SAI_OBJECT_TYPE_BFD_SESSION,sai_set_bfd_session_attribute_fn
inc/saibridge.h,SAI_OBJECT_TYPE_BRIDGE,sai_clear_bridge_stats_fn
inc/saibridge.h,SAI_OBJECT_TYPE_BRIDGE,sai_create_bridge_fn
inc/saibridge.h,SAI_OBJECT_TYPE_BRIDGE,sai_get_bridge_attribute_fn
inc/saibridge.h,SAI_OBJECT_TYPE_BRIDGE,sai_get_bridge_stats_ext_fn
inc/saibridge.h,SAI_OBJECT_TYPE_BRIDGE,sai_get_bridge_stats_fn
inc/saibridge.h,SAI_OBJECT_TYPE_BRIDGE,sai_remove_bridge_fn
inc/saibridge.h,SAI_OBJECT_TYPE_BRIDGE,sai_set_bridge_attribute_fn
inc/saibridge.h,SAI_OBJECT_TYPE_BRIDGE_PORT,sai_clear_bridge_port_stats_fn
inc/saibridge.h,SAI_OBJECT_TYPE_BRIDGE_PORT,sai_create_bridge_port_fn
inc/saibridge.h,SAI_OBJECT_TYPE_BRIDGE_PORT,sai_get_bridge_port_attribute_fn
inc/saibridge.h,SAI_OBJECT_TYPE_BRIDGE_PORT,sai_get_bridge_port_stats_ext_fn
inc/saibridge.h,SAI_OBJECT_TYPE_BRIDGE_PORT,sai_get_bridge_port_stats_fn
inc/saibridge.h,SAI_OBJECT_TYPE_BRIDGE_PORT,sai_remove_bridge_port_fn
inc/saibridge.h,SAI_OBJECT_TYPE_BRIDGE_PORT,sai_set_bridge_port_attribute_fn
inc/saibuffer.h,SAI_OBJECT_TYPE_BUFFER_POOL,sai_clear_buffer_pool_stats_fn
inc/saibuffer.h,SAI_OBJECT_TYPE_BUFFER_POOL,sai_create_buffer_pool_fn
inc/saibuffer.h,SAI_OBJECT_TYPE_BUFFER_POOL,sai_get_buffer_pool_attribute_fn
inc/saibuffer.h,SAI_OBJECT_TYPE_BUFFER_POOL,sai_get_buffer_pool_stats_ext_fn
inc/saibuffer.h,SAI_OBJECT_TYPE_BUFFER_POOL,sai_get_buffer_pool_stats_fn
inc/saibuffer.h,SAI_OBJECT_TYPE_BUFFER_POOL,sai_remove_buffer_pool_fn
inc/saibuffer.h,SAI_OBJECT_TYPE_BUFFER_POOL,sai_set_buffer_pool_attribute_fn
inc/saibuffer.h,SAI_OBJECT_TYPE_BUFFER_PROFILE,sai_create_buffer_profile_fn
inc/saibuffer.h,SAI_OBJECT_TYPE_BUFFER_PROFILE,sai_get_buffer_profile_attribute_fn
inc/saibuffer.h,SAI_OBJECT_TYPE_BUFFER_PROFILE,sai_remove_buffer_profile_fn
inc/saibuffer.h,SAI_OBJECT_TYPE_BUFFER_PROFILE,sai_set_buffer_profile_attribute_fn
inc/saibuffer.h,SAI_OBJECT_TYPE_INGRESS_PRIORITY_GROUP,sai_clear_ingress_priority_group_stats_fn
inc/saibuffer.h,SAI_OBJECT_TYPE_INGRESS_PRIORITY_GROUP,sai_create_ingress_priority_group_fn
inc/saibuffer.h,SAI_OBJECT_TYPE_INGRESS_PRIORITY_GROUP,sai_get_ingress_priority_group_attribute_fn
inc/saibuffer.h,SAI_OBJECT_TYPE_INGRESS_PRIORITY_GROUP,sai_get_ingress_priority_group_stats_ext_fn
inc/saibuffer.h,SAI_OBJECT_TYPE_INGRESS_PRIORITY_GROUP,sai_get_ingress_priority_group_stats_fn
inc/saibuffer.h,SAI_OBJECT_TYPE_INGRESS_PRIORITY_GROUP,sai_remove_ingress_priority_group_fn
inc/saibuffer.h,SAI_OBJECT_TYPE_INGRESS_PRIORITY_GROUP,sai_set_ingress_priority_group_attribute_fn
inc/saicounter.h,SAI_OBJECT_TYPE_COUNTER,sai_clear_counter_stats_fn
inc/saicounter.h,SAI_OBJECT_TYPE_COUNTER,sai_create_counter_fn
inc/saicounter.h,SAI_OBJECT_TYPE_COUNTER,sai_get_counter_attribute_fn
inc/saicounter.h,SAI_OBJECT_TYPE_COUNTER,sai_get_counter_stats_ext_fn
inc/saicounter.h,SAI_OBJECT_TYPE_COUNTER,sai_get_counter_stats_fn
inc/saicounter.h,SAI_OBJECT_TYPE_COUNTER,sai_remove_counter_fn
inc/saicounter.h,SAI_OBJECT_TYPE_COUNTER,sai_set_counter_attribute_fn
inc/saidebugcounter.h,SAI_OBJECT_TYPE_DEBUG_COUNTER,sai_create_debug_counter_fn
inc/saidebugcounter.h,SAI_OBJECT_TYPE_DEBUG_COUNTER,sai_get_debug_counter_attribute_fn
inc/saidebugcounter.h,SAI_OBJECT_TYPE_DEBUG_COUNTER,sai_remove_debug_counter_fn
inc/saidebugcounter.h,SAI_OBJECT_TYPE_DEBUG_COUNTER,sai_set_debug_counter_attribute_fn
inc/saidtel.h,SAI_OBJECT_TYPE_DTEL,sai_create_dtel_fn
inc/saidtel.h,SAI_OBJECT_TYPE_DTEL,sai_get_dtel_attribute_fn
inc/saidtel.h,SAI_OBJECT_TYPE_DTEL,sai_remove_dtel_fn
inc/saidtel.h,SAI_OBJECT_TYPE_DTEL,sai_set_dtel_attribute_fn
inc/saidtel.h,SAI_OBJECT_TYPE_DTEL_EVENT,sai_create_dtel_event_fn
inc/saidtel.h,SAI_OBJECT_TYPE_DTEL_EVENT,sai_get_dtel_event_attribute_fn
inc/saidtel.h,SAI_OBJECT_TYPE_DTEL_EVENT,sai_remove_dtel_event_fn
inc/saidtel.h,SAI_OBJECT_TYPE_DTEL_EVENT,sai_set_dtel_event_attribute_fn
inc/saidtel.h,SAI_OBJECT_TYPE_DTEL_INT_SESSION,sai_create_dtel_int_session_fn
inc/saidtel.h,SAI_OBJECT_TYPE_DTEL_INT_SESSION,sai_get_dtel_int_session_attribute_fn
inc/saidtel.h,SAI_OBJECT_TYPE_DTEL_INT_SESSION,sai_remove_dtel_int_session_fn
inc/saidtel.h,SAI_OBJECT_TYPE_DTEL_INT_SESSION,sai_set_dtel_int_session_attribute_fn
inc/saidtel.h,SAI_OBJECT_TYPE_DTEL_QUEUE_REPORT,sai_create_dtel_queue_report_fn
inc/saidtel.h,SAI_OBJECT_TYPE_DTEL_QUEUE_REPORT,sai_get_dtel_queue_report_attribute_fn
inc/saidtel.h,SAI_OBJECT_TYPE_DTEL_QUEUE_REPORT,sai_remove_dtel_queue_report_fn
inc/saidtel.h,SAI_OBJECT_TYPE_DTEL_QUEUE_REPORT,sai_set_dtel_queue_report_attribute_fn
inc/saidtel.h,SAI_OBJECT_TYPE_DTEL_REPORT_SESSION,sai_create_dtel_report_session_fn
inc/saidtel.h,SAI_OBJECT_TYPE_DTEL_REPORT_SESSION,sai_get_dtel_report_session_attribute_fn
inc/saidtel.h,SAI_OBJECT_TYPE_DTEL_REPORT_SESSION,sai_remove_dtel_report_session_fn
inc/saidtel.h,SAI_OBJECT_TYPE_DTEL_REPORT_SESSION,sai_set_dtel_report_session_attribute_fn
inc/saifdb.h,SAI_OBJECT_TYPE_FDB_ENTRY,sai_bulk_create_fdb_entry_fn
inc/saifdb.h,SAI_OBJECT_TYPE_FDB_ENTRY,sai_bulk_get_fdb_entry_attribute_fn
inc/saifdb.h,SAI_OBJECT_TYPE_FDB_ENTRY,sai_bulk_remove_fdb_entry_fn
inc/saifdb.h,SAI_OBJECT_TYPE_FDB_ENTRY,sai_bulk_set_fdb_entry_attribute_fn
inc/saifdb.h,SAI_OBJECT_TYPE_FDB_ENTRY,sai_create_fdb_entry_fn
inc/saifdb.h,SAI_OBJECT_TYPE_FDB_ENTRY,sai_fdb_event_notification_fn
inc/saifdb.h,SAI_OBJECT_TYPE_FDB_ENTRY,sai_flush_fdb_entries_fn
inc/saifdb.h,SAI_OBJECT_TYPE_FDB_ENTRY,sai_get_fdb_entry_attribute_fn
inc/saifdb.h,SAI_OBJECT_TYPE_FDB_ENTRY,sai_remove_fdb_entry_fn
inc/saifdb.h,SAI_OBJECT_TYPE_FDB_ENTRY,sai_set_fdb_entry_attribute_fn
inc/saigenericprogrammable.h,SAI_OBJECT_TYPE_GENERIC_PROGRAMMABLE,sai_create_generic_programmable_fn
inc/saigenericprogrammable.h,SAI_OBJECT_TYPE_GENERIC_PROGRAMMABLE,sai_get_generic_programmable_attribute_fn
inc/saigenericprogrammable.h,SAI_OBJECT_TYPE_GENERIC_PROGRAMMABLE,sai_remove_generic_programmable_fn
inc/saigenericprogrammable.h,SAI_OBJECT_TYPE_GENERIC_PROGRAMMABLE,sai_set_generic_programmable_attribute_fn
inc/saihash.h,SAI_OBJECT_TYPE_FINE_GRAINED_HASH_FIELD,sai_create_fine_grained_hash_field_fn
inc/saihash.h,SAI_OBJECT_TYPE_FINE_GRAINED_HASH_FIELD,sai_get_fine_grained_hash_field_attribute_fn
inc/saihash.h,SAI_OBJECT_TYPE_FINE_GRAINED_HASH_FIELD,sai_remove_fine_grained_hash_field_fn
inc/saihash.h,SAI_OBJECT_TYPE_FINE_GRAINED_HASH_FIELD,sai_set_fine_grained_hash_field_attribute_fn
inc/saihash.h,SAI_OBJECT_TYPE_HASH,sai_create_hash_fn
inc/saihash.h,SAI_OBJECT_TYPE_HASH,sai_get_hash_attribute_fn
inc/saihash.h,SAI_OBJECT_TYPE_HASH,sai_remove_hash_fn
inc/saihash.h,SAI_OBJECT_TYPE_HASH,sai_set_hash_attribute_fn
inc/saihostif.h,SAI_OBJECT_TYPE_HOSTIF,sai_create_hostif_fn
inc/saihostif.h,SAI_OBJECT_TYPE_HOSTIF,sai_get_hostif_attribute_fn
inc/saihostif.h,SAI_OBJECT_TYPE_HOSTIF,sai_remove_hostif_fn
inc/saihostif.h,SAI_OBJECT_TYPE_HOSTIF,sai_set_hostif_attribute_fn
inc/saihostif.h,SAI_OBJECT_TYPE_HOSTIF_PACKET,sai_allocate_hostif_packet_fn
inc/saihostif.h,SAI_OBJECT_TYPE_HOSTIF_PACKET,sai_free_hostif_packet_fn
inc/saihostif.h,SAI_OBJECT_TYPE_HOSTIF_PACKET,sai_packet_event_notification_fn
inc/saihostif.h,SAI_OBJECT_TYPE_HOSTIF_PACKET,sai_recv_hostif_packet_fn
inc/saihostif.h,SAI_OBJECT_TYPE_HOSTIF_PACKET,sai_send_hostif_packet_fn
inc/saihostif.h,SAI_OBJECT_TYPE_HOSTIF_TABLE_ENTRY,sai_create_hostif_table_entry_fn
inc/saihostif.h,SAI_OBJECT_TYPE_HOSTIF_TABLE_ENTRY,sai_get_hostif_table_entry_attribute_fn
inc/saihostif.h,SAI_OBJECT_TYPE_HOSTIF_TABLE_ENTRY,sai_remove_hostif_table_entry_fn
inc/saihostif.h,SAI_OBJECT_TYPE_HOSTIF_TABLE_ENTRY,sai_set_hostif_table_entry_attribute_fn
inc/saihostif.h,SAI_OBJECT_TYPE_HOSTIF_TRAP,sai_create_hostif_trap_fn
inc/saihostif.h,SAI_OBJECT_TYPE_HOSTIF_TRAP,sai_get_hostif_trap_attribute_fn
inc/saihostif.h,SAI_OBJECT_TYPE_HOSTIF_TRAP,sai_remove_hostif_trap_fn
inc/saihostif.h,SAI_OBJECT_TYPE_HOSTIF_TRAP,sai_set_hostif_trap_attribute_fn
inc/saihostif.h,SAI_OBJECT_TYPE_HOSTIF_TRAP_GROUP,sai_create_hostif_trap_group_fn
inc/saihostif.h,SAI_OBJECT_TYPE_HOSTIF_TRAP_GROUP,sai_get_hostif_trap_group_attribute_fn
inc/saihostif.h,SAI_OBJECT_TYPE_HOSTIF_TRAP_GROUP,sai_remove_hostif_trap_group_fn
inc/saihostif.h,SAI_OBJECT_TYPE_HOSTIF_TRAP_GROUP,sai_set_hostif_trap_group_attribute_fn
inc/saihostif.h,SAI_OBJECT_TYPE_HOSTIF_USER_DEFINED_TRAP,sai_create_hostif_user_defined_trap_fn
inc/saihostif.h,SAI_OBJECT_TYPE_HOSTIF_USER_DEFINED_TRAP,sai_get_hostif_user_defined_trap_attribute_fn
inc/saihostif.h,SAI_OBJECT_TYPE_HOSTIF_USER_DEFINED_TRAP,sai_remove_hostif_user_defined_trap_fn
inc/saihostif.h,SAI_OBJECT_TYPE_HOSTIF_USER_DEFINED_TRAP,sai_set_hostif_user_defined_trap_attribute_fn
inc/saiicmpecho.h,SAI_OBJECT_TYPE_ICMP_ECHO_SESSION,sai_clear_icmp_echo_session_stats_fn
inc/saiicmpecho.h,SAI_OBJECT_TYPE_ICMP_ECHO_SESSION,sai_create_icmp_echo_session_fn
inc/saiicmpecho.h,SAI_OBJECT_TYPE_ICMP_ECHO_SESSION,sai_get_icmp_echo_session_attribute_fn
inc/saiicmpecho.h,SAI_OBJECT_TYPE_ICMP_ECHO_SESSION,sai_get_icmp_echo_session_stats_ext_fn
inc/saiicmpecho.h,SAI_OBJECT_TYPE_ICMP_ECHO_SESSION,sai_get_icmp_echo_session_stats_fn
inc/saiicmpecho.h,SAI_OBJECT_TYPE_ICMP_ECHO_SESSION,sai_icmp_echo_session_state_change_notification_fn
inc/saiicmpecho.h,SAI_OBJECT_TYPE_ICMP_ECHO_SESSION,sai_remove_icmp_echo_session_fn
inc/saiicmpecho.h,SAI_OBJECT_TYPE_ICMP_ECHO_SESSION,sai_set_icmp_echo_session_attribute_fn
inc/saiipmc.h,SAI_OBJECT_TYPE_IPMC_ENTRY,sai_create_ipmc_entry_fn
inc/saiipmc.h,SAI_OBJECT_TYPE_IPMC_ENTRY,sai_get_ipmc_entry_attribute_fn
inc/saiipmc.h,SAI_OBJECT_TYPE_IPMC_ENTRY,sai_remove_ipmc_entry_fn
inc/saiipmc.h,SAI_OBJECT_TYPE_IPMC_ENTRY,sai_set_ipmc_entry_attribute_fn
inc/saiipmcgroup.h,SAI_OBJECT_TYPE_IPMC_GROUP,sai_create_ipmc_group_fn
inc/saiipmcgroup.h,SAI_OBJECT_TYPE_IPMC_GROUP,sai_get_ipmc_group_attribute_fn
inc/saiipmcgroup.h,SAI_OBJECT_TYPE_IPMC_GROUP,sai_remove_ipmc_group_fn
inc/saiipmcgroup.h,SAI_OBJECT_TYPE_IPMC_GROUP,sai_set_ipmc_group_attribute_fn
inc/saiipmcgroup.h,SAI_OBJECT_TYPE_IPMC_GROUP_MEMBER,sai_create_ipmc_group_member_fn
inc/saiipmcgroup.h,SAI_OBJECT_TYPE_IPMC_GROUP_MEMBER,sai_get_ipmc_group_member_attribute_fn
inc/saiipmcgroup.h,SAI_OBJECT_TYPE_IPMC_GROUP_MEMBER,sai_remove_ipmc_group_member_fn
inc/saiipmcgroup.h,SAI_OBJECT_TYPE_IPMC_GROUP_MEMBER,sai_set_ipmc_group_member_attribute_fn
inc/saiipsec.h,SAI_OBJECT_TYPE_IPSEC,sai_create_ipsec_fn
inc/saiipsec.h,SAI_OBJECT_TYPE_IPSEC,sai_get_ipsec_attribute_fn
inc/saiipsec.h,SAI_OBJECT_TYPE_IPSEC,sai_ipsec_post_status_notification_fn
inc/saiipsec.h,SAI_OBJECT_TYPE_IPSEC,sai_remove_ipsec_fn
inc/saiipsec.h,SAI_OBJECT_TYPE_IPSEC,sai_set_ipsec_attribute_fn
inc/saiipsec.h,SAI_OBJECT_TYPE_IPSEC_PORT,sai_clear_ipsec_port_stats_fn
inc/saiipsec.h,SAI_OBJECT_TYPE_IPSEC_PORT,sai_create_ipsec_port_fn
inc/saiipsec.h,SAI_OBJECT_TYPE_IPSEC_PORT,sai_get_ipsec_port_attribute_fn
inc/saiipsec.h,SAI_OBJECT_TYPE_IPSEC_PORT,sai_get_ipsec_port_stats_ext_fn
inc/saiipsec.h,SAI_OBJECT_TYPE_IPSEC_PORT,sai_get_ipsec_port_stats_fn
inc/saiipsec.h,SAI_OBJECT_TYPE_IPSEC_PORT,sai_remove_ipsec_port_fn
inc/saiipsec.h,SAI_OBJECT_TYPE_IPSEC_PORT,sai_set_ipsec_port_attribute_fn
inc/saiipsec.h,SAI_OBJECT_TYPE_IPSEC_SA,sai_clear_ipsec_sa_stats_fn
inc/saiipsec.h,SAI_OBJECT_TYPE_IPSEC_SA,sai_create_ipsec_sa_fn
inc/saiipsec.h,SAI_OBJECT_TYPE_IPSEC_SA,sai_get_ipsec_sa_attribute_fn
inc/saiipsec.h,SAI_OBJECT_TYPE_IPSEC_SA,sai_get_ipsec_sa_stats_ext_fn
inc/saiipsec.h,SAI_OBJECT_TYPE_IPSEC_SA,sai_get_ipsec_sa_stats_fn
inc/saiipsec.h,SAI_OBJECT_TYPE_IPSEC_SA,sai_ipsec_sa_status_change_notification_fn
inc/saiipsec.h,SAI_OBJECT_TYPE_IPSEC_SA,sai_remove_ipsec_sa_fn
inc/saiipsec.h,SAI_OBJECT_TYPE_IPSEC_SA,sai_set_ipsec_sa_attribute_fn
inc/saiisolationgroup.h,SAI_OBJECT_TYPE_ISOLATION_GROUP,sai_create_isolation_group_fn
inc/saiisolationgroup.h,SAI_OBJECT_TYPE_ISOLATION_GROUP,sai_get_isolation_group_attribute_fn
inc/saiisolationgroup.h,SAI_OBJECT_TYPE_ISOLATION_GROUP,sai_remove_isolation_group_fn
inc/saiisolationgroup.h,SAI_OBJECT_TYPE_ISOLATION_GROUP,sai_set_isolation_group_attribute_fn
inc/saiisolationgroup.h,SAI_OBJECT_TYPE_ISOLATION_GROUP_MEMBER,sai_create_isolation_group_member_fn
inc/saiisolationgroup.h,SAI_OBJECT_TYPE_ISOLATION_GROUP_MEMBER,sai_get_isolation_group_member_attribute_fn
inc/saiisolationgroup.h,SAI_OBJECT_TYPE_ISOLATION_GROUP_MEMBER,sai_remove_isolation_group_member_fn
inc/saiisolationgroup.h,SAI_OBJECT_TYPE_ISOLATION_GROUP_MEMBER,sai_set_isolation_group_member_attribute_fn
inc/sail2mc.h,SAI_OBJECT_TYPE_L2MC_ENTRY,sai_create_l2mc_entry_fn
inc/sail2mc.h,SAI_OBJECT_TYPE_L2MC_ENTRY,sai_get_l2mc_entry_attribute_fn
inc/sail2mc.h,SAI_OBJECT_TYPE_L2MC_ENTRY,sai_remove_l2mc_entry_fn
inc/sail2mc.h,SAI_OBJECT_TYPE_L2MC_ENTRY,sai_set_l2mc_entry_attribute_fn
inc/sail2mcgroup.h,SAI_OBJECT_TYPE_L2MC_GROUP,sai_create_l2mc_group_fn
inc/sail2mcgroup.h,SAI_OBJECT_TYPE_L2MC_GROUP,sai_get_l2mc_group_attribute_fn
inc/sail2mcgroup.h,SAI_OBJECT_TYPE_L2MC_GROUP,sai_remove_l2mc_group_fn
inc/sail2mcgroup.h,SAI_OBJECT_TYPE_L2MC_GROUP,sai_set_l2mc_group_attribute_fn
inc/sail2mcgroup.h,SAI_OBJECT_TYPE_L2MC_GROUP_MEMBER,sai_create_l2mc_group_member_fn
inc/sail2mcgroup.h,SAI_OBJECT_TYPE_L2MC_GROUP_MEMBER,sai_get_l2mc_group_member_attribute_fn
inc/sail2mcgroup.h,SAI_OBJECT_TYPE_L2MC_GROUP_MEMBER,sai_remove_l2mc_group_member_fn
inc/sail2mcgroup.h,SAI_OBJECT_TYPE_L2MC_GROUP_MEMBER,sai_set_l2mc_group_member_attribute_fn
inc/sailag.h,SAI_OBJECT_TYPE_LAG,sai_create_lag_fn
inc/sailag.h,SAI_OBJECT_TYPE_LAG,sai_get_lag_attribute_fn
inc/sailag.h,SAI_OBJECT_TYPE_LAG,sai_remove_lag_fn
inc/sailag.h,SAI_OBJECT_TYPE_LAG,sai_set_lag_attribute_fn
inc/sailag.h,SAI_OBJECT_TYPE_LAG_MEMBER,sai_create_lag_member_fn
inc/sailag.h,SAI_OBJECT_TYPE_LAG_MEMBER,sai_get_lag_member_attribute_fn
inc/sailag.h,SAI_OBJECT_TYPE_LAG_MEMBER,sai_remove_lag_member_fn
inc/sailag.h,SAI_OBJECT_TYPE_LAG_MEMBER,sai_set_lag_member_attribute_fn
inc/saimacsec.h,SAI_OBJECT_TYPE_MACSEC,sai_create_macsec_fn
inc/saimacsec.h,SAI_OBJECT_TYPE_MACSEC,sai_get_macsec_attribute_fn
inc/saimacsec.h,SAI_OBJECT_TYPE_MACSEC,sai_macsec_post_status_notification_fn
inc/saimacsec.h,SAI_OBJECT_TYPE_MACSEC,sai_remove_macsec_fn
inc/saimacsec.h,SAI_OBJECT_TYPE_MACSEC,sai_set_macsec_attribute_fn
inc/saimacsec.h,SAI_OBJECT_TYPE_MACSEC_FLOW,sai_clear_macsec_flow_stats_fn
inc/saimacsec.h,SAI_OBJECT_TYPE_MACSEC_FLOW,sai_create_macsec_flow_fn
inc/saimacsec.h,SAI_OBJECT_TYPE_MACSEC_FLOW,sai_get_macsec_flow_attribute_fn
inc/saimacsec.h,SAI_OBJECT_TYPE_MACSEC_FLOW,sai_get_macsec_flow_stats_ext_fn
inc/saimacsec.h,SAI_OBJECT_TYPE_MACSEC_FLOW,sai_get_macsec_flow_stats_fn
inc/saimacsec.h,SAI_OBJECT_TYPE_MACSEC_FLOW,sai_remove_macsec_flow_fn
inc/saimacsec.h,SAI_OBJECT_TYPE_MACSEC_FLOW,sai_set_macsec_flow_attribute_fn
inc/saimacsec.h,SAI_OBJECT_TYPE_MACSEC_PORT,sai_clear_macsec_port_stats_fn
inc/saimacsec.h,SAI_OBJECT_TYPE_MACSEC_PORT,sai_create_macsec_port_fn
inc/saimacsec.h,SAI_OBJECT_TYPE_MACSEC_PORT,sai_get_macsec_port_attribute_fn
inc/saimacsec.h,SAI_OBJECT_TYPE_MACSEC_PORT,sai_get_macsec_port_stats_ext_fn
inc/saimacsec.h,SAI_OBJECT_TYPE_MACSEC_PORT,sai_get_macsec_port_stats_fn
inc/saimacsec.h,SAI_OBJECT_TYPE_MACSEC_PORT,sai_remove_macsec_port_fn
inc/saimacsec.h,SAI_OBJECT_TYPE_MACSEC_PORT,sai_set_macsec_port_attribute_fn
inc/saimacsec.h,SAI_OBJECT_TYPE_MACSEC_SA,sai_clear_macsec_sa_stats_fn
inc/saimacsec.h,SAI_OBJECT_TYPE_MACSEC_SA,sai_create_macsec_sa_fn
inc/saimacsec.h,SAI_OBJECT_TYPE_MACSEC_SA,sai_get_macsec_sa_attribute_fn
inc/saimacsec.h,SAI_OBJECT_TYPE_MACSEC_SA,sai_get_macsec_sa_stats_ext_fn
inc/saimacsec.h,SAI_OBJECT_TYPE_MACSEC_SA,sai_get_macsec_sa_stats_fn
inc/saimacsec.h,SAI_OBJECT_TYPE_MACSEC_SA,sai_remove_macsec_sa_fn
inc/saimacsec.h,SAI_OBJECT_TYPE_MACSEC_SA,sai_set_macsec_sa_attribute_fn
inc/saimacsec.h,SAI_OBJECT_TYPE_MACSEC_SC,sai_clear_macsec_sc_stats_fn
inc/saimacsec.h,SAI_OBJECT_TYPE_MACSEC_SC,sai_create_macsec_sc_fn
inc/saimacsec.h,SAI_OBJECT_TYPE_MACSEC_SC,sai_get_macsec_sc_attribute_fn
inc/saimacsec.h,SAI_OBJECT_TYPE_MACSEC_SC,sai_get_macsec_sc_stats_ext_fn
inc/saimacsec.h,SAI_OBJECT_TYPE_MACSEC_SC,sai_get_macsec_sc_stats_fn
inc/saimacsec.h,SAI_OBJECT_TYPE_MACSEC_SC,sai_remove_macsec_sc_fn
inc/saimacsec.h,SAI_OBJECT_TYPE_MACSEC_SC,sai_set_macsec_sc_attribute_fn
inc/saimcastfdb.h,SAI_OBJECT_TYPE_MCAST_FDB_ENTRY,sai_create_mcast_fdb_entry_fn
inc/saimcastfdb.h,SAI_OBJECT_TYPE_MCAST_FDB_ENTRY,sai_get_mcast_fdb_entry_attribute_fn
inc/saimcastfdb.h,SAI_OBJECT_TYPE_MCAST_FDB_ENTRY,sai_remove_mcast_fdb_entry_fn
inc/saimcastfdb.h,SAI_OBJECT_TYPE_MCAST_FDB_ENTRY,sai_set_mcast_fdb_entry_attribute_fn
inc/saimirror.h,SAI_OBJECT_TYPE_MIRROR_SESSION,sai_create_mirror_session_fn
inc/saimirror.h,SAI_OBJECT_TYPE_MIRROR_SESSION,sai_get_mirror_session_attribute_fn
inc/saimirror.h,SAI_OBJECT_TYPE_MIRROR_SESSION,sai_remove_mirror_session_fn
inc/saimirror.h,SAI_OBJECT_TYPE_MIRROR_SESSION,sai_set_mirror_session_attribute_fn
inc/saimpls.h,SAI_OBJECT_TYPE_INSEG_ENTRY,sai_bulk_create_inseg_entry_fn
inc/saimpls.h,SAI_OBJECT_TYPE_INSEG_ENTRY,sai_bulk_get_inseg_entry_attribute_fn
inc/saimpls.h,SAI_OBJECT_TYPE_INSEG_ENTRY,sai_bulk_remove_inseg_entry_fn
inc/saimpls.h,SAI_OBJECT_TYPE_INSEG_ENTRY,sai_bulk_set_inseg_entry_attribute_fn
inc/saimpls.h,SAI_OBJECT_TYPE_INSEG_ENTRY,sai_create_inseg_entry_fn
inc/saimpls.h,SAI_OBJECT_TYPE_INSEG_ENTRY,sai_get_inseg_entry_attribute_fn
inc/saimpls.h,SAI_OBJECT_TYPE_INSEG_ENTRY,sai_remove_inseg_entry_fn
inc/saimpls.h,SAI_OBJECT_TYPE_INSEG_ENTRY,sai_set_inseg_entry_attribute_fn
inc/saimymac.h,SAI_OBJECT_TYPE_MY_MAC,sai_create_my_mac_fn
inc/saimymac.h,SAI_OBJECT_TYPE_MY_MAC,sai_get_my_mac_attribute_fn
inc/saimymac.h,SAI_OBJECT_TYPE_MY_MAC,sai_remove_my_mac_fn
inc/saimymac.h,SAI_OBJECT_TYPE_MY_MAC,sai_set_my_mac_attribute_fn
inc/sainat.h,SAI_OBJECT_TYPE_NAT_ENTRY,sai_bulk_create_nat_entry_fn
inc/sainat.h,SAI_OBJECT_TYPE_NAT_ENTRY,sai_bulk_get_nat_entry_attribute_fn
inc/sainat.h,SAI_OBJECT_TYPE_NAT_ENTRY,sai_bulk_remove_nat_entry_fn
inc/sainat.h,SAI_OBJECT_TYPE_NAT_ENTRY,sai_bulk_set_nat_entry_attribute_fn
inc/sainat.h,SAI_OBJECT_TYPE_NAT_ENTRY,sai_create_nat_entry_fn
inc/sainat.h,SAI_OBJECT_TYPE_NAT_ENTRY,sai_get_nat_entry_attribute_fn
inc/sainat.h,SAI_OBJECT_TYPE_NAT_ENTRY,sai_nat_event_notification_fn
inc/sainat.h,SAI_OBJECT_TYPE_NAT_ENTRY,sai_remove_nat_entry_fn
inc/sainat.h,SAI_OBJECT_TYPE_NAT_ENTRY,sai_set_nat_entry_attribute_fn
inc/sainat.h,SAI_OBJECT_TYPE_NAT_ZONE_COUNTER,sai_create_nat_zone_counter_fn
inc/sainat.h,SAI_OBJECT_TYPE_NAT_ZONE_COUNTER,sai_get_nat_zone_counter_attribute_fn
inc/sainat.h,SAI_OBJECT_TYPE_NAT_ZONE_COUNTER,sai_remove_nat_zone_counter_fn
inc/sainat.h,SAI_OBJECT_TYPE_NAT_ZONE_COUNTER,sai_set_nat_zone_counter_attribute_fn
inc/saineighbor.h,SAI_OBJECT_TYPE_NEIGHBOR_ENTRY,sai_bulk_create_neighbor_entry_fn
inc/saineighbor.h,SAI_OBJECT_TYPE_NEIGHBOR_ENTRY,sai_bulk_get_neighbor_entry_attribute_fn
inc/saineighbor.h,SAI_OBJECT_TYPE_NEIGHBOR_ENTRY,sai_bulk_remove_neighbor_entry_fn
inc/saineighbor.h,SAI_OBJECT_TYPE_NEIGHBOR_ENTRY,sai_bulk_set_neighbor_entry_attribute_fn
inc/saineighbor.h,SAI_OBJECT_TYPE_NEIGHBOR_ENTRY,sai_create_neighbor_entry_fn
inc/saineighbor.h,SAI_OBJECT_TYPE_NEIGHBOR_ENTRY,sai_get_neighbor_entry_attribute_fn
inc/saineighbor.h,SAI_OBJECT_TYPE_NEIGHBOR_ENTRY,sai_remove_all_neighbor_entries_fn
inc/saineighbor.h,SAI_OBJECT_TYPE_NEIGHBOR_ENTRY,sai_remove_neighbor_entry_fn
inc/saineighbor.h,SAI_OBJECT_TYPE_NEIGHBOR_ENTRY,sai_set_neighbor_entry_attribute_fn
inc/sainexthop.h,SAI_OBJECT_TYPE_NEXT_HOP,sai_create_next_hop_fn
inc/sainexthop.h,SAI_OBJECT_TYPE_NEXT_HOP,sai_get_next_hop_attribute_fn
inc/sainexthop.h,SAI_OBJECT_TYPE_NEXT_HOP,sai_remove_next_hop_fn
inc/sainexthop.h,SAI_OBJECT_TYPE_NEXT_HOP,sai_set_next_hop_attribute_fn
inc/sainexthopgroup.h,SAI_OBJECT_TYPE_NEXT_HOP_GROUP,sai_create_next_hop_group_fn
inc/sainexthopgroup.h,SAI_OBJECT_TYPE_NEXT_HOP_GROUP,sai_get_next_hop_group_attribute_fn
inc/sainexthopgroup.h,SAI_OBJECT_TYPE_NEXT_HOP_GROUP,sai_remove_next_hop_group_fn
inc/sainexthopgroup.h,SAI_OBJECT_TYPE_NEXT_HOP_GROUP,sai_set_next_hop_group_attribute_fn
inc/sainexthopgroup.h,SAI_OBJECT_TYPE_NEXT_HOP_GROUP_MAP,sai_create_next_hop_group_map_fn
inc/sainexthopgroup.h,SAI_OBJECT_TYPE_NEXT_HOP_GROUP_MAP,sai_get_next_hop_group_map_attribute_fn
inc/sainexthopgroup.h,SAI_OBJECT_TYPE_NEXT_HOP_GROUP_MAP,sai_remove_next_hop_group_map_fn
inc/sainexthopgroup.h,SAI_OBJECT_TYPE_NEXT_HOP_GROUP_MAP,sai_set_next_hop_group_map_attribute_fn
inc/sainexthopgroup.h,SAI_OBJECT_TYPE_NEXT_HOP_GROUP_MEMBER,sai_create_next_hop_group_member_fn
inc/sainexthopgroup.h,SAI_OBJECT_TYPE_NEXT_HOP_GROUP_MEMBER,sai_get_next_hop_group_member_attribute_fn
inc/sainexthopgroup.h,SAI_OBJECT_TYPE_NEXT_HOP_GROUP_MEMBER,sai_remove_next_hop_group_member_fn
inc/sainexthopgroup.h,SAI_OBJECT_TYPE_NEXT_HOP_GROUP_MEMBER,sai_set_next_hop_group_member_attribute_fn
inc/saipoe.h,SAI_OBJECT_TYPE_POE_DEVICE,sai_create_poe_device_fn
inc/saipoe.h,SAI_OBJECT_TYPE_POE_DEVICE,sai_get_poe_device_attribute_fn
inc/saipoe.h,SAI_OBJECT_TYPE_POE_DEVICE,sai_remove_poe_device_fn
inc/saipoe.h,SAI_OBJECT_TYPE_POE_DEVICE,sai_set_poe_device_attribute_fn
inc/saipoe.h,SAI_OBJECT_TYPE_POE_PORT,sai_create_poe_port_fn
inc/saipoe.h,SAI_OBJECT_TYPE_POE_PORT,sai_get_poe_port_attribute_fn
inc/saipoe.h,SAI_OBJECT_TYPE_POE_PORT,sai_remove_poe_port_fn
inc/saipoe.h,SAI_OBJECT_TYPE_POE_PORT,sai_set_poe_port_attribute_fn
inc/saipoe.h,SAI_OBJECT_TYPE_POE_PSE,sai_create_poe_pse_fn
inc/saipoe.h,SAI_OBJECT_TYPE_POE_PSE,sai_get_poe_pse_attribute_fn
inc/saipoe.h,SAI_OBJECT_TYPE_POE_PSE,sai_remove_poe_pse_fn
inc/saipoe.h,SAI_OBJECT_TYPE_POE_PSE,sai_set_poe_pse_attribute_fn
inc/saipolicer.h,SAI_OBJECT_TYPE_POLICER,sai_clear_policer_stats_fn
inc/saipolicer.h,SAI_OBJECT_TYPE_POLICER,sai_create_policer_fn
inc/saipolicer.h,SAI_OBJECT_TYPE_POLICER,sai_get_policer_attribute_fn
inc/saipolicer.h,SAI_OBJECT_TYPE_POLICER,sai_get_policer_stats_ext_fn
inc/saipolicer.h,SAI_OBJECT_TYPE_POLICER,sai_get_policer_stats_fn
inc/saipolicer.h,SAI_OBJECT_TYPE_POLICER,sai_remove_policer_fn
inc/saipolicer.h,SAI_OBJECT_TYPE_POLICER,sai_set_policer_attribute_fn
inc/saiport.h,SAI_OBJECT_TYPE_PORT,sai_clear_port_all_stats_fn
inc/saiport.h,SAI_OBJECT_TYPE_PORT,sai_clear_port_stats_fn
inc/saiport.h,SAI_OBJECT_TYPE_PORT,sai_create_port_fn
inc/saiport.h,SAI_OBJECT_TYPE_PORT,sai_extended_port_state_change_notification_fn
inc/saiport.h,SAI_OBJECT_TYPE_PORT,sai_get_port_attribute_fn
inc/saiport.h,SAI_OBJECT_TYPE_PORT,sai_get_port_stats_ext_fn
inc/saiport.h,SAI_OBJECT_TYPE_PORT,sai_get_port_stats_fn
inc/saiport.h,SAI_OBJECT_TYPE_PORT,sai_port_host_tx_ready_notification_fn
inc/saiport.h,SAI_OBJECT_TYPE_PORT,sai_port_state_change_notification_fn
inc/saiport.h,SAI_OBJECT_TYPE_PORT,sai_remove_port_fn
inc/saiport.h,SAI_OBJECT_TYPE_PORT,sai_set_port_attribute_fn
inc/saiport.h,SAI_OBJECT_TYPE_PORT_CONNECTOR,sai_create_port_connector_fn
inc/saiport.h,SAI_OBJECT_TYPE_PORT_CONNECTOR,sai_get_port_connector_attribute_fn
inc/saiport.h,SAI_OBJECT_TYPE_PORT_CONNECTOR,sai_remove_port_connector_fn
inc/saiport.h,SAI_OBJECT_TYPE_PORT_CONNECTOR,sai_set_port_connector_attribute_fn
inc/saiport.h,SAI_OBJECT_TYPE_PORT_POOL,sai_clear_port_pool_stats_fn
inc/saiport.h,SAI_OBJECT_TYPE_PORT_POOL,sai_create_port_pool_fn
inc/saiport.h,SAI_OBJECT_TYPE_PORT_POOL,sai_get_port_pool_attribute_fn
inc/saiport.h,SAI_OBJECT_TYPE_PORT_POOL,sai_get_port_pool_stats_ext_fn
inc/saiport.h,SAI_OBJECT_TYPE_PORT_POOL,sai_get_port_pool_stats_fn
inc/saiport.h,SAI_OBJECT_TYPE_PORT_POOL,sai_remove_port_pool_fn
inc/saiport.h,SAI_OBJECT_TYPE_PORT_POOL,sai_set_port_pool_attribute_fn
inc/saiport.h,SAI_OBJECT_TYPE_PORT_SERDES,sai_create_port_serdes_fn
inc/saiport.h,SAI_OBJECT_TYPE_PORT_SERDES,sai_get_port_serdes_attribute_fn
inc/saiport.h,SAI_OBJECT_TYPE_PORT_SERDES,sai_remove_port_serdes_fn
inc/saiport.h,SAI_OBJECT_TYPE_PORT_SERDES,sai_set_port_serdes_attribute_fn
inc/saiprefixcompression.h,SAI_OBJECT_TYPE_PREFIX_COMPRESSION_ENTRY,sai_bulk_create_prefix_compression_entry_fn
inc/saiprefixcompression.h,SAI_OBJECT_TYPE_PREFIX_COMPRESSION_ENTRY,sai_bulk_remove_prefix_compression_entry_fn
inc/saiprefixcompression.h,SAI_OBJECT_TYPE_PREFIX_COMPRESSION_ENTRY,sai_create_prefix_compression_entry_fn
inc/saiprefixcompression.h,SAI_OBJECT_TYPE_PREFIX_COMPRESSION_ENTRY,sai_get_prefix_compression_entry_attribute_fn
inc/saiprefixcompression.h,SAI_OBJECT_TYPE_PREFIX_COMPRESSION_ENTRY,sai_remove_prefix_compression_entry_fn
inc/saiprefixcompression.h,SAI_OBJECT_TYPE_PREFIX_COMPRESSION_ENTRY,sai_set_prefix_compression_entry_attribute_fn
inc/saiprefixcompression.h,SAI_OBJECT_TYPE_PREFIX_COMPRESSION_TABLE,sai_create_prefix_compression_table_fn
inc/saiprefixcompression.h,SAI_OBJECT_TYPE_PREFIX_COMPRESSION_TABLE,sai_get_prefix_compression_table_attribute_fn
inc/saiprefixcompression.h,SAI_OBJECT_TYPE_PREFIX_COMPRESSION_TABLE,sai_remove_prefix_compression_table_fn
inc/saiprefixcompression.h,SAI_OBJECT_TYPE_PREFIX_COMPRESSION_TABLE,sai_set_prefix_compression_table_attribute_fn
inc/saiqosmap.h,SAI_OBJECT_TYPE_QOS_MAP,sai_create_qos_map_fn
inc/saiqosmap.h,SAI_OBJECT_TYPE_QOS_MAP,sai_get_qos_map_attribute_fn
inc/saiqosmap.h,SAI_OBJECT_TYPE_QOS_MAP,sai_remove_qos_map_fn
inc/saiqosmap.h,SAI_OBJECT_TYPE_QOS_MAP,sai_set_qos_map_attribute_fn
inc/saiqueue.h,SAI_OBJECT_TYPE_QUEUE,sai_clear_queue_stats_fn
inc/saiqueue.h,SAI_OBJECT_TYPE_QUEUE,sai_create_queue_fn
inc/saiqueue.h,SAI_OBJECT_TYPE_QUEUE,sai_get_queue_attribute_fn
inc/saiqueue.h,SAI_OBJECT_TYPE_QUEUE,sai_get_queue_stats_ext_fn
inc/saiqueue.h,SAI_OBJECT_TYPE_QUEUE,sai_get_queue_stats_fn
inc/saiqueue.h,SAI_OBJECT_TYPE_QUEUE,sai_queue_pfc_deadlock_notification_fn
inc/saiqueue.h,SAI_OBJECT_TYPE_QUEUE,sai_remove_queue_fn
inc/saiqueue.h,SAI_OBJECT_TYPE_QUEUE,sai_set_queue_attribute_fn
inc/sairoute.h,SAI_OBJECT_TYPE_ROUTE_ENTRY,sai_bulk_create_route_entry_fn
inc/sairoute.h,SAI_OBJECT_TYPE_ROUTE_ENTRY,sai_bulk_get_route_entry_attribute_fn
inc/sairoute.h,SAI_OBJECT_TYPE_ROUTE_ENTRY,sai_bulk_remove_route_entry_fn
inc/sairoute.h,SAI_OBJECT_TYPE_ROUTE_ENTRY,sai_bulk_set_route_entry_attribute_fn
inc/sairoute.h,SAI_OBJECT_TYPE_ROUTE_ENTRY,sai_create_route_entry_fn
inc/sairoute.h,SAI_OBJECT_TYPE_ROUTE_ENTRY,sai_get_route_entry_attribute_fn
inc/sairoute.h,SAI_OBJECT_TYPE_ROUTE_ENTRY,sai_remove_route_entry_fn
inc/sairoute.h,SAI_OBJECT_TYPE_ROUTE_ENTRY,sai_set_route_entry_attribute_fn
inc/sairouterinterface.h,SAI_OBJECT_TYPE_ROUTER_INTERFACE,sai_clear_router_interface_stats_fn
inc/sairouterinterface.h,SAI_OBJECT_TYPE_ROUTER_INTERFACE,sai_create_router_interface_fn
inc/sairouterinterface.h,SAI_OBJECT_TYPE_ROUTER_INTERFACE,sai_get_router_interface_attribute_fn
inc/sairouterinterface.h,SAI_OBJECT_TYPE_ROUTER_INTERFACE,sai_get_router_interface_stats_ext_fn
inc/sairouterinterface.h,SAI_OBJECT_TYPE_ROUTER_INTERFACE,sai_get_router_interface_stats_fn
inc/sairouterinterface.h,SAI_OBJECT_TYPE_ROUTER_INTERFACE,sai_remove_router_interface_fn
inc/sairouterinterface.h,SAI_OBJECT_TYPE_ROUTER_INTERFACE,sai_set_router_interface_attribute_fn
inc/sairpfgroup.h,SAI_OBJECT_TYPE_RPF_GROUP,sai_create_rpf_group_fn
inc/sairpfgroup.h,SAI_OBJECT_TYPE_RPF_GROUP,sai_get_rpf_group_attribute_fn
inc/sairpfgroup.h,SAI_OBJECT_TYPE_RPF_GROUP,sai_remove_rpf_group_fn
inc/sairpfgroup.h,SAI_OBJECT_TYPE_RPF_GROUP,sai_set_rpf_group_attribute_fn
inc/sairpfgroup.h,SAI_OBJECT_TYPE_RPF_GROUP_MEMBER,sai_create_rpf_group_member_fn
inc/sairpfgroup.h,SAI_OBJECT_TYPE_RPF_GROUP_MEMBER,sai_get_rpf_group_member_attribute_fn
inc/sairpfgroup.h,SAI_OBJECT_TYPE_RPF_GROUP_MEMBER,sai_remove_rpf_group_member_fn
inc/sairpfgroup.h,SAI_OBJECT_TYPE_RPF_GROUP_MEMBER,sai_set_rpf_group_member_attribute_fn
inc/saisamplepacket.h,SAI_OBJECT_TYPE_SAMPLEPACKET,sai_create_samplepacket_fn
inc/saisamplepacket.h,SAI_OBJECT_TYPE_SAMPLEPACKET,sai_get_samplepacket_attribute_fn
inc/saisamplepacket.h,SAI_OBJECT_TYPE_SAMPLEPACKET,sai_remove_samplepacket_fn
inc/saisamplepacket.h,SAI_OBJECT_TYPE_SAMPLEPACKET,sai_set_samplepacket_attribute_fn
inc/saischeduler.h,SAI_OBJECT_TYPE_SCHEDULER,sai_create_scheduler_fn
inc/saischeduler.h,SAI_OBJECT_TYPE_SCHEDULER,sai_get_scheduler_attribute_fn
inc/saischeduler.h,SAI_OBJECT_TYPE_SCHEDULER,sai_remove_scheduler_fn
inc/saischeduler.h,SAI_OBJECT_TYPE_SCHEDULER,sai_set_scheduler_attribute_fn
inc/saischedulergroup.h,SAI_OBJECT_TYPE_SCHEDULER_GROUP,sai_create_scheduler_group_fn
inc/saischedulergroup.h,SAI_OBJECT_TYPE_SCHEDULER_GROUP,sai_get_scheduler_group_attribute_fn
inc/saischedulergroup.h,SAI_OBJECT_TYPE_SCHEDULER_GROUP,sai_remove_scheduler_group_fn
inc/saischedulergroup.h,SAI_OBJECT_TYPE_SCHEDULER_GROUP,sai_set_scheduler_group_attribute_fn
inc/saisrv6.h,SAI_OBJECT_TYPE_MY_SID_ENTRY,sai_bulk_create_my_sid_entry_fn
inc/saisrv6.h,SAI_OBJECT_TYPE_MY_SID_ENTRY,sai_bulk_get_my_sid_entry_attribute_fn
inc/saisrv6.h,SAI_OBJECT_TYPE_MY_SID_ENTRY,sai_bulk_remove_my_sid_entry_fn
inc/saisrv6.h,SAI_OBJECT_TYPE_MY_SID_ENTRY,sai_bulk_set_my_sid_entry_attribute_fn
inc/saisrv6.h,SAI_OBJECT_TYPE_MY_SID_ENTRY,sai_create_my_sid_entry_fn
inc/saisrv6.h,SAI_OBJECT_TYPE_MY_SID_ENTRY,sai_get_my_sid_entry_attribute_fn
inc/saisrv6.h,SAI_OBJECT_TYPE_MY_SID_ENTRY,sai_remove_my_sid_entry_fn
inc/saisrv6.h,SAI_OBJECT_TYPE_MY_SID_ENTRY,sai_set_my_sid_entry_attribute_fn
inc/saisrv6.h,SAI_OBJECT_TYPE_SRV6_SIDLIST,sai_clear_srv6_sidlist_stats_fn
inc/saisrv6.h,SAI_OBJECT_TYPE_SRV6_SIDLIST,sai_create_srv6_sidlist_fn
inc/saisrv6.h,SAI_OBJECT_TYPE_SRV6_SIDLIST,sai_get_srv6_sidlist_attribute_fn
inc/saisrv6.h,SAI_OBJECT_TYPE_SRV6_SIDLIST,sai_get_srv6_sidlist_stats_ext_fn
inc/saisrv6.h,SAI_OBJECT_TYPE_SRV6_SIDLIST,sai_get_srv6_sidlist_stats_fn
inc/saisrv6.h,SAI_OBJECT_TYPE_SRV6_SIDLIST,sai_remove_srv6_sidlist_fn
inc/saisrv6.h,SAI_OBJECT_TYPE_SRV6_SIDLIST,sai_set_srv6_sidlist_attribute_fn
inc/saistp.h,SAI_OBJECT_TYPE_STP,sai_create_stp_fn
inc/saistp.h,SAI_OBJECT_TYPE_STP,sai_get_stp_attribute_fn
inc/saistp.h,SAI_OBJECT_TYPE_STP,sai_remove_stp_fn
inc/saistp.h,SAI_OBJECT_TYPE_STP,sai_set_stp_attribute_fn
inc/saistp.h,SAI_OBJECT_TYPE_STP_PORT,sai_create_stp_port_fn
inc/saistp.h,SAI_OBJECT_TYPE_STP_PORT,sai_get_stp_port_attribute_fn
inc/saistp.h,SAI_OBJECT_TYPE_STP_PORT,sai_remove_stp_port_fn
inc/saistp.h,SAI_OBJECT_TYPE_STP_PORT,sai_set_stp_port_attribute_fn
inc/saiswitch.h,SAI_OBJECT_TYPE_SWITCH,sai_clear_switch_stats_fn
inc/saiswitch.h,SAI_OBJECT_TYPE_SWITCH,sai_create_switch_fn
inc/saiswitch.h,SAI_OBJECT_TYPE_SWITCH,sai_get_switch_attribute_fn
inc/saiswitch.h,SAI_OBJECT_TYPE_SWITCH,sai_get_switch_stats_ext_fn
inc/saiswitch.h,SAI_OBJECT_TYPE_SWITCH,sai_get_switch_stats_fn
inc/saiswitch.h,SAI_OBJECT_TYPE_SWITCH,sai_remove_switch_fn
inc/saiswitch.h,SAI_OBJECT_TYPE_SWITCH,sai_set_switch_attribute_fn
inc/saiswitch.h,SAI_OBJECT_TYPE_SWITCH,sai_switch_asic_sdk_health_event_notification_fn
inc/saiswitch.h,SAI_OBJECT_TYPE_SWITCH,sai_switch_ipsec_post_status_notification_fn
inc/saiswitch.h,SAI_OBJECT_TYPE_SWITCH,sai_switch_macsec_post_status_notification_fn
inc/saiswitch.h,SAI_OBJECT_TYPE_SWITCH,sai_switch_mdio_cl22_read_fn
inc/saiswitch.h,SAI_OBJECT_TYPE_SWITCH,sai_switch_mdio_cl22_write_fn
inc/saiswitch.h,SAI_OBJECT_TYPE_SWITCH,sai_switch_mdio_read_fn
inc/saiswitch.h,SAI_OBJECT_TYPE_SWITCH,sai_switch_mdio_write_fn
inc/saiswitch.h,SAI_OBJECT_TYPE_SWITCH,sai_switch_register_read_fn
inc/saiswitch.h,SAI_OBJECT_TYPE_SWITCH,sai_switch_register_write_fn
inc/saiswitch.h,SAI_OBJECT_TYPE_SWITCH,sai_switch_shutdown_request_notification_fn
inc/saiswitch.h,SAI_OBJECT_TYPE_SWITCH,sai_switch_state_change_notification_fn
inc/saiswitch.h,SAI_OBJECT_TYPE_SWITCH_TUNNEL,sai_create_switch_tunnel_fn
inc/saiswitch.h,SAI_OBJECT_TYPE_SWITCH_TUNNEL,sai_get_switch_tunnel_attribute_fn
inc/saiswitch.h,SAI_OBJECT_TYPE_SWITCH_TUNNEL,sai_remove_switch_tunnel_fn
inc/saiswitch.h,SAI_OBJECT_TYPE_SWITCH_TUNNEL,sai_set_switch_tunnel_attribute_fn
inc/saisynce.h,SAI_OBJECT_TYPE_SYNCE_CLOCK,sai_create_synce_clock_fn
inc/saisynce.h,SAI_OBJECT_TYPE_SYNCE_CLOCK,sai_get_synce_clock_attribute_fn
inc/saisynce.h,SAI_OBJECT_TYPE_SYNCE_CLOCK,sai_remove_synce_clock_fn
inc/saisynce.h,SAI_OBJECT_TYPE_SYNCE_CLOCK,sai_set_synce_clock_attribute_fn
inc/saisystemport.h,SAI_OBJECT_TYPE_SYSTEM_PORT,sai_create_system_port_fn
inc/saisystemport.h,SAI_OBJECT_TYPE_SYSTEM_PORT,sai_get_system_port_attribute_fn
inc/saisystemport.h,SAI_OBJECT_TYPE_SYSTEM_PORT,sai_remove_system_port_fn
inc/saisystemport.h,SAI_OBJECT_TYPE_SYSTEM_PORT,sai_set_system_port_attribute_fn
inc/saitam.h,SAI_OBJECT_TYPE_TAM,sai_create_tam_fn
inc/saitam.h,SAI_OBJECT_TYPE_TAM,sai_get_tam_attribute_fn
inc/saitam.h,SAI_OBJECT_TYPE_TAM,sai_remove_tam_fn
inc/saitam.h,SAI_OBJECT_TYPE_TAM,sai_set_tam_attribute_fn
inc/saitam.h,SAI_OBJECT_TYPE_TAM_COLLECTOR,sai_create_tam_collector_fn
inc/saitam.h,SAI_OBJECT_TYPE_TAM_COLLECTOR,sai_get_tam_collector_attribute_fn
inc/saitam.h,SAI_OBJECT_TYPE_TAM_COLLECTOR,sai_remove_tam_collector_fn
inc/saitam.h,SAI_OBJECT_TYPE_TAM_COLLECTOR,sai_set_tam_collector_attribute_fn
inc/saitam.h,SAI_OBJECT_TYPE_TAM_COUNTER_SUBSCRIPTION,sai_create_tam_counter_subscription_fn
inc/saitam.h,SAI_OBJECT_TYPE_TAM_COUNTER_SUBSCRIPTION,sai_get_tam_counter_subscription_attribute_fn
inc/saitam.h,SAI_OBJECT_TYPE_TAM_COUNTER_SUBSCRIPTION,sai_remove_tam_counter_subscription_fn
inc/saitam.h,SAI_OBJECT_TYPE_TAM_COUNTER_SUBSCRIPTION,sai_set_tam_counter_subscription_attribute_fn
inc/saitam.h,SAI_OBJECT_TYPE_TAM_EVENT,sai_create_tam_event_fn
inc/saitam.h,SAI_OBJECT_TYPE_TAM_EVENT,sai_get_tam_event_attribute_fn
inc/saitam.h,SAI_OBJECT_TYPE_TAM_EVENT,sai_remove_tam_event_fn
inc/saitam.h,SAI_OBJECT_TYPE_TAM_EVENT,sai_set_tam_event_attribute_fn
inc/saitam.h,SAI_OBJECT_TYPE_TAM_EVENT,sai_tam_event_notification_fn
inc/saitam.h,SAI_OBJECT_TYPE_TAM_EVENT_ACTION,sai_create_tam_event_action_fn
inc/saitam.h,SAI_OBJECT_TYPE_TAM_EVENT_ACTION,sai_get_tam_event_action_attribute_fn
inc/saitam.h,SAI_OBJECT_TYPE_TAM_EVENT_ACTION,sai_remove_tam_event_action_fn
inc/saitam.h,SAI_OBJECT_TYPE_TAM_EVENT_ACTION,sai_set_tam_event_action_attribute_fn
inc/saitam.h,SAI_OBJECT_TYPE_TAM_EVENT_THRESHOLD,sai_create_tam_event_threshold_fn
inc/saitam.h,SAI_OBJECT_TYPE_TAM_EVENT_THRESHOLD,sai_get_tam_event_threshold_attribute_fn
inc/saitam.h,SAI_OBJECT_TYPE_TAM_EVENT_THRESHOLD,sai_remove_tam_event_threshold_fn
inc/saitam.h,SAI_OBJECT_TYPE_TAM_EVENT_THRESHOLD,sai_set_tam_event_threshold_attribute_fn
inc/saitam.h,SAI_OBJECT_TYPE_TAM_INT,sai_create_tam_int_fn
inc/saitam.h,SAI_OBJECT_TYPE_TAM_INT,sai_get_tam_int_attribute_fn
inc/saitam.h,SAI_OBJECT_TYPE_TAM_INT,sai_remove_tam_int_fn
inc/saitam.h,SAI_OBJECT_TYPE_TAM_INT,sai_set_tam_int_attribute_fn
inc/saitam.h,SAI_OBJECT_TYPE_TAM_MATH_FUNC,sai_create_tam_math_func_fn
inc/saitam.h,SAI_OBJECT_TYPE_TAM_MATH_FUNC,sai_get_tam_math_func_attribute_fn
inc/saitam.h,SAI_OBJECT_TYPE_TAM_MATH_FUNC,sai_remove_tam_math_func_fn
inc/saitam.h,SAI_OBJECT_TYPE_TAM_MATH_FUNC,sai_set_tam_math_func_attribute_fn
inc/saitam.h,SAI_OBJECT_TYPE_TAM_REPORT,sai_create_tam_report_fn
inc/saitam.h,SAI_OBJECT_TYPE_TAM_REPORT,sai_get_tam_report_attribute_fn
inc/saitam.h,SAI_OBJECT_TYPE_TAM_REPORT,sai_remove_tam_report_fn
inc/saitam.h,SAI_OBJECT_TYPE_TAM_REPORT,sai_set_tam_report_attribute_fn
inc/saitam.h,SAI_OBJECT_TYPE_TAM_TELEMETRY,sai_create_tam_telemetry_fn
inc/saitam.h,SAI_OBJECT_TYPE_TAM_TELEMETRY,sai_get_tam_telemetry_attribute_fn
inc/saitam.h,SAI_OBJECT_TYPE_TAM_TELEMETRY,sai_remove_tam_telemetry_fn
inc/saitam.h,SAI_OBJECT_TYPE_TAM_TELEMETRY,sai_set_tam_telemetry_attribute_fn
inc/saitam.h,SAI_OBJECT_TYPE_TAM_TEL_TYPE,sai_create_tam_tel_type_fn
inc/saitam.h,SAI_OBJECT_TYPE_TAM_TEL_TYPE,sai_get_tam_tel_type_attribute_fn
inc/saitam.h,SAI_OBJECT_TYPE_TAM_TEL_TYPE,sai_remove_tam_tel_type_fn
inc/saitam.h,SAI_OBJECT_TYPE_TAM_TEL_TYPE,sai_set_tam_tel_type_attribute_fn
inc/saitam.h,SAI_OBJECT_TYPE_TAM_TEL_TYPE,sai_tam_tel_type_config_change_notification_fn
inc/saitam.h,SAI_OBJECT_TYPE_TAM_TRANSPORT,sai_create_tam_transport_fn
inc/saitam.h,SAI_OBJECT_TYPE_TAM_TRANSPORT,sai_get_tam_transport_attribute_fn
inc/saitam.h,SAI_OBJECT_TYPE_TAM_TRANSPORT,sai_remove_tam_transport_fn
inc/saitam.h,SAI_OBJECT_TYPE_TAM_TRANSPORT,sai_set_tam_transport_attribute_fn
inc/saitunnel.h,SAI_OBJECT_TYPE_TUNNEL,sai_clear_tunnel_stats_fn
inc/saitunnel.h,SAI_OBJECT_TYPE_TUNNEL,sai_create_tunnel_fn
inc/saitunnel.h,SAI_OBJECT_TYPE_TUNNEL,sai_get_tunnel_attribute_fn
inc/saitunnel.h,SAI_OBJECT_TYPE_TUNNEL,sai_get_tunnel_stats_ext_fn
inc/saitunnel.h,SAI_OBJECT_TYPE_TUNNEL,sai_get_tunnel_stats_fn
inc/saitunnel.h,SAI_OBJECT_TYPE_TUNNEL,sai_remove_tunnel_fn
inc/saitunnel.h,SAI_OBJECT_TYPE_TUNNEL,sai_set_tunnel_attribute_fn
inc/saitunnel.h,SAI_OBJECT_TYPE_TUNNEL_MAP,sai_create_tunnel_map_fn
inc/saitunnel.h,SAI_OBJECT_TYPE_TUNNEL_MAP,sai_get_tunnel_map_attribute_fn
inc/saitunnel.h,SAI_OBJECT_TYPE_TUNNEL_MAP,sai_remove_tunnel_map_fn
inc/saitunnel.h,SAI_OBJECT_TYPE_TUNNEL_MAP,sai_set_tunnel_map_attribute_fn
inc/saitunnel.h,SAI_OBJECT_TYPE_TUNNEL_MAP_ENTRY,sai_create_tunnel_map_entry_fn
inc/saitunnel.h,SAI_OBJECT_TYPE_TUNNEL_MAP_ENTRY,sai_get_tunnel_map_entry_attribute_fn
inc/saitunnel.h,SAI_OBJECT_TYPE_TUNNEL_MAP_ENTRY,sai_remove_tunnel_map_entry_fn
inc/saitunnel.h,SAI_OBJECT_TYPE_TUNNEL_MAP_ENTRY,sai_set_tunnel_map_entry_attribute_fn
inc/saitunnel.h,SAI_OBJECT_TYPE_TUNNEL_TERM_TABLE_ENTRY,sai_create_tunnel_term_table_entry_fn
inc/saitunnel.h,SAI_OBJECT_TYPE_TUNNEL_TERM_TABLE_ENTRY,sai_get_tunnel_term_table_entry_attribute_fn
inc/saitunnel.h,SAI_OBJECT_TYPE_TUNNEL_TERM_TABLE_ENTRY,sai_remove_tunnel_term_table_entry_fn
inc/saitunnel.h,SAI_OBJECT_TYPE_TUNNEL_TERM_TABLE_ENTRY,sai_set_tunnel_term_table_entry_attribute_fn
inc/saitwamp.h,SAI_OBJECT_TYPE_TWAMP_SESSION,sai_clear_twamp_session_stats_fn
inc/saitwamp.h,SAI_OBJECT_TYPE_TWAMP_SESSION,sai_create_twamp_session_fn
inc/saitwamp.h,SAI_OBJECT_TYPE_TWAMP_SESSION,sai_get_twamp_session_attribute_fn
inc/saitwamp.h,SAI_OBJECT_TYPE_TWAMP_SESSION,sai_get_twamp_session_stats_ext_fn
inc/saitwamp.h,SAI_OBJECT_TYPE_TWAMP_SESSION,sai_get_twamp_session_stats_fn
inc/saitwamp.h,SAI_OBJECT_TYPE_TWAMP_SESSION,sai_remove_twamp_session_fn
inc/saitwamp.h,SAI_OBJECT_TYPE_TWAMP_SESSION,sai_set_twamp_session_attribute_fn
inc/saitwamp.h,SAI_OBJECT_TYPE_TWAMP_SESSION,sai_twamp_session_event_notification_fn
inc/saitypes.h,SAI_OBJECT_TYPE_NULL,sai_bulk_object_create_fn
inc/saitypes.h,SAI_OBJECT_TYPE_NULL,sai_bulk_object_get_attribute_fn
inc/saitypes.h,SAI_OBJECT_TYPE_NULL,sai_bulk_object_remove_fn
inc/saitypes.h,SAI_OBJECT_TYPE_NULL,sai_bulk_object_set_attribute_fn
inc/saiudf.h,SAI_OBJECT_TYPE_UDF,sai_create_udf_fn
inc/saiudf.h,SAI_OBJECT_TYPE_UDF,sai_get_udf_attribute_fn
inc/saiudf.h,SAI_OBJECT_TYPE_UDF,sai_remove_udf_fn
inc/saiudf.h,SAI_OBJECT_TYPE_UDF,sai_set_udf_attribute_fn
inc/saiudf.h,SAI_OBJECT_TYPE_UDF_GROUP,sai_create_udf_group_fn
inc/saiudf.h,SAI_OBJECT_TYPE_UDF_GROUP,sai_get_udf_group_attribute_fn
inc/saiudf.h,SAI_OBJECT_TYPE_UDF_GROUP,sai_remove_udf_group_fn
inc/saiudf.h,SAI_OBJECT_TYPE_UDF_GROUP,sai_set_udf_group_attribute_fn
inc/saiudf.h,SAI_OBJECT_TYPE_UDF_MATCH,sai_create_udf_match_fn
inc/saiudf.h,SAI_OBJECT_TYPE_UDF_MATCH,sai_get_udf_match_attribute_fn
inc/saiudf.h,SAI_OBJECT_TYPE_UDF_MATCH,sai_remove_udf_match_fn
inc/saiudf.h,SAI_OBJECT_TYPE_UDF_MATCH,sai_set_udf_match_attribute_fn
inc/saivirtualrouter.h,SAI_OBJECT_TYPE_VIRTUAL_ROUTER,sai_create_virtual_router_fn
inc/saivirtualrouter.h,SAI_OBJECT_TYPE_VIRTUAL_ROUTER,sai_get_virtual_router_attribute_fn
inc/saivirtualrouter.h,SAI_OBJECT_TYPE_VIRTUAL_ROUTER,sai_remove_virtual_router_fn
inc/saivirtualrouter.h,SAI_OBJECT_TYPE_VIRTUAL_ROUTER,sai_set_virtual_router_attribute_fn
inc/saivlan.h,SAI_OBJECT_TYPE_VLAN,sai_clear_vlan_stats_fn
inc/saivlan.h,SAI_OBJECT_TYPE_VLAN,sai_create_vlan_fn
inc/saivlan.h,SAI_OBJECT_TYPE_VLAN,sai_get_vlan_attribute_fn
inc/saivlan.h,SAI_OBJECT_TYPE_VLAN,sai_get_vlan_stats_ext_fn
inc/saivlan.h,SAI_OBJECT_TYPE_VLAN,sai_get_vlan_stats_fn
inc/saivlan.h,SAI_OBJECT_TYPE_VLAN,sai_remove_vlan_fn
inc/saivlan.h,SAI_OBJECT_TYPE_VLAN,sai_set_vlan_attribute_fn
inc/saivlan.h,SAI_OBJECT_TYPE_VLAN_MEMBER,sai_create_vlan_member_fn
inc/saivlan.h,SAI_OBJECT_TYPE_VLAN_MEMBER,sai_get_vlan_member_attribute_fn
inc/saivlan.h,SAI_OBJECT_TYPE_VLAN_MEMBER,sai_remove_vlan_member_fn
inc/saivlan.h,SAI_OBJECT_TYPE_VLAN_MEMBER,sai_set_vlan_member_attribute_fn
inc/saiwred.h,SAI_OBJECT_TYPE_WRED,sai_create_wred_fn
inc/saiwred.h,SAI_OBJECT_TYPE_WRED,sai_get_wred_attribute_fn
inc/saiwred.h,SAI_OBJECT_TYPE_WRED,sai_remove_wred_fn
inc/saiwred.h,SAI_OBJECT_TYPE_WRED,sai_set_wred_attribute_fn
